date,Bike,Trip Duration,year,month,day,AWND,PRCP,SNOW,SNWD,TAVG,TMAX,TMIN,WDF2,WDF5,WSF2,WSF5,WT01,WT02,WT03,WT04,WT06,WT08,Indicator
2015.9.21,40,6180.525,2015,9,21,7.61,0,0,0,66,73,59,60,50,17,23.9,0,0,0,0,0,0,0
2015.9.22,84,2598.9643,2015,9,22,6.93,0,0,0,66.5,71,62,60,60,14.1,18.1,0,0,0,0,0,0,0
2015.9.23,101,2410.703,2015,9,23,2.91,0,0,0,69.5,80,59,60,60,8.9,13,0,0,0,0,0,0,0
2015.9.24,95,5862.4421,2015,9,24,4.25,0,0,0,71,82,60,60,60,13,18.1,0,0,0,0,0,0,0
2015.9.25,97,1618.0928,2015,9,25,6.26,0,0,0,69.5,76,63,60,50,13,18.1,0,0,0,0,0,0,0
2015.9.26,387,55463.186,2015,9,26,6.04,0,0,0,66.5,72,61,60,60,18.1,25.9,0,0,0,0,0,0,0
2015.9.27,331,2795.2477,2015,9,27,4.92,0,0,0,63.5,71,56,50,60,8.9,14.1,0,0,0,0,0,0,0
2015.9.28,112,2310.7857,2015,9,28,3.36,0,0,0,71.5,78,65,180,170,8.9,15,0,0,0,0,0,1,0
2015.9.29,79,2350,2015,9,29,2.68,0.11,0,0,77.5,83,72,170,150,10.1,18.1,1,0,0,0,0,0,0
2015.9.30,50,2808.68,2015,9,30,8.28,1.26,0,0,69,79,59,10,20,16.1,27.1,1,0,0,0,0,0,0
2015.10.1,65,749.1846,2015,10,1,8.72,0.09,0,0,60,64,56,30,40,16.1,23.9,1,0,0,0,0,0,0
2015.10.2,22,412.9545,2015,10,2,12.53,1.08,0,0,52.5,57,48,60,60,23,32,1,0,0,0,0,0,0
2015.10.3,31,1099.0645,2015,10,3,11.41,0.35,0,0,52,55,49,60,50,21,31.1,1,0,0,0,0,1,0
2015.10.4,145,2548.2759,2015,10,4,10.74,0,0,0,58,63,53,60,80,21,29.1,0,0,0,0,0,0,0
2015.10.5,73,6079.411,2015,10,5,6.26,0,0,0,59.5,67,52,60,50,15,21,0,0,0,0,0,0,0
2015.10.6,87,3856.0345,2015,10,6,1.57,0,0,0,62.5,73,52,70,60,8.9,12.1,0,0,0,0,0,0,0
2015.10.7,78,2181,2015,10,7,2.91,0,0,0,65.5,73,58,300,290,8.1,15,0,0,0,0,0,0,0
2015.10.8,88,7400.7841,2015,10,8,3.36,0,0,0,65.5,72,59,150,160,8.9,15,0,0,0,0,0,0,0
2015.10.9,49,901.3878,2015,10,9,4.03,0.89,0,0,69.5,78,61,290,270,17,28,1,0,0,0,0,1,0
2015.10.10,239,3429.9079,2015,10,10,2.46,0,0,0,57.5,65,50,300,310,12.1,21.9,0,0,0,0,0,0,0
2015.10.11,211,2917.9763,2015,10,11,3.8,0,0,0,61,69,53,260,250,10.1,17,0,0,0,0,0,0,0
2015.10.12,135,13169.8741,2015,10,12,3.8,0,0,0,66.5,77,56,160,160,10.1,17,0,0,0,0,0,0,0
2015.10.13,66,29875.6818,2015,10,13,3.58,0.01,0,0,66.5,72,61,250,260,10.1,16.1,0,0,0,0,0,0,0
2015.10.14,60,1649.0333,2015,10,14,3.8,0,0,0,63,69,57,290,290,12.1,19,0,0,0,0,0,0,0
2015.10.15,72,1365.1806,2015,10,15,4.03,0,0,0,57.5,64,51,260,250,10.1,17,0,0,0,0,0,0,0
2015.10.16,61,16758.8525,2015,10,16,5.37,0,0,0,58.5,64,53,300,290,13,21.9,0,0,0,0,0,0,0
2015.10.17,88,3949.7386,2015,10,17,5.82,0,0,0,49,56,42,310,270,13,23.9,0,0,0,0,0,0,0
2015.10.18,43,2106.1163,2015,10,18,4.92,0,0,0,44,50,38,300,300,16.1,25.1,0,0,0,0,0,0,0
2015.10.19,27,1143.6667,2015,10,19,3.8,0,0,0,44,53,35,250,250,14.1,23.9,0,0,0,0,0,0,0
2015.10.20,37,1875.0811,2015,10,20,6.04,0,0,0,59,70,48,250,250,14.1,23.9,0,0,0,0,0,0,0
2015.10.21,74,2665.2162,2015,10,21,2.24,0,0,0,66.5,76,57,250,240,12.1,18.1,0,0,0,0,0,0,0
2015.10.22,76,2223.8684,2015,10,22,4.7,0,0,0,66.5,75,58,260,260,12.1,19,0,0,0,0,0,0,0
2015.10.23,54,2603.5185,2015,10,23,6.71,0,0,0,55,65,45,60,290,14.1,21.9,0,0,0,0,0,1,0
2015.10.24,61,962.1311,2015,10,24,4.03,0,0,0,48.5,57,40,70,60,10.1,15,0,0,0,0,0,0,0
2015.10.25,89,2927.4719,2015,10,25,4.92,0.05,0,0,58,68,48,360,20,13,21.9,1,0,0,0,0,0,0
2015.10.26,44,952.5455,2015,10,26,3.8,0,0,0,52,58,46,60,30,12.1,19,0,0,0,0,0,0,0
2015.10.27,32,1224.9688,2015,10,27,4.47,0,0,0,52,59,45,120,60,10.1,15,0,0,0,0,0,0,0
2015.10.28,12,478.25,2015,10,28,6.71,1.4,0,0,61,69,53,100,190,14.1,28,1,0,0,0,0,1,0
2015.10.29,31,2180.2903,2015,10,29,6.49,0.04,0,0,65,73,57,280,280,17,30,1,0,0,0,0,0,0
2015.10.30,60,1761.25,2015,10,30,5.82,0,0,0,54.5,61,48,320,310,13,23.9,0,0,0,0,0,0,0
2015.10.31,87,6016.931,2015,10,31,2.91,0,0,0,49,56,42,10,40,10.1,16.1,0,0,0,0,0,0,0
2015.11.1,87,2692.8046,2015,11,1,4.92,0,0,0,59.5,65,54,240,240,16.1,23,0,0,0,0,0,0,0
2015.11.2,40,4205.925,2015,11,2,2.01,0,0,0,58.5,63,54,290,240,8.1,14.1,0,0,0,0,0,0,0
2015.11.3,47,1960.8723,2015,11,3,2.46,0,0,0,60,72,48,240,250,8.1,13,0,0,0,0,0,0,0
2015.11.4,49,1332.6939,2015,11,4,2.46,0,0,0,63,70,56,150,170,8.9,14.1,1,0,0,0,0,0,0
2015.11.5,45,2596.0222,2015,11,5,2.01,0.01,0,0,63.5,71,56,240,250,8.9,16.1,1,0,0,0,0,1,0
2015.11.6,51,1698.098,2015,11,6,4.7,0,0,0,70,74,66,240,240,14.1,25.9,1,0,0,0,0,1,0
2015.11.7,115,3659.9043,2015,11,7,4.47,0,0,0,62.5,72,53,310,310,12.1,19,0,0,0,0,0,0,0
2015.11.8,116,1639.7069,2015,11,8,3.58,0,0,0,51,56,46,310,310,15,23,0,0,0,0,0,0,0
2015.11.9,42,2133.5238,2015,11,9,2.01,0,0,0,51,59,43,270,270,8.9,13,0,0,0,0,0,0,0
2015.11.10,18,2782.2778,2015,11,10,9.84,0.26,0,0,54,57,51,70,60,23,34,1,0,0,0,0,0,0
2015.11.11,20,2027.4,2015,11,11,4.92,0.43,0,0,53.5,58,49,60,70,13,18.1,1,0,0,0,0,0,0
2015.11.12,21,1203.6667,2015,11,12,5.59,0.01,0,0,56,61,51,290,280,17,28,1,0,0,0,0,1,0
2015.11.13,27,747.6296,2015,11,13,10.74,0,0,0,52,58,46,290,280,19.9,36.9,0,0,0,0,0,0,0
2015.11.14,26,1502.8077,2015,11,14,7.83,0,0,0,45.5,49,42,310,320,21,32,0,0,0,0,0,0,0
2015.11.15,56,5321.25,2015,11,15,4.7,0,0,0,48.5,58,39,240,250,13,21.9,0,0,0,0,0,0,0
2015.11.16,55,1306.9455,2015,11,16,4.03,0,0,0,59,67,51,50,50,14.1,19.9,0,0,0,0,0,0,0
2015.11.17,34,4367.2059,2015,11,17,6.26,0,0,0,46,52,40,60,50,17,21,0,0,0,0,0,0,0
2015.11.18,22,849.5,2015,11,18,5.14,0,0,0,52,58,46,140,150,13,21,0,0,0,0,0,0,0
2015.11.19,15,993.5333,2015,11,19,5.59,1.25,0,0,60.5,64,57,160,160,17,30,1,0,0,0,0,1,0
2015.11.20,30,1270.2667,2015,11,20,5.82,0,0,0,55,64,46,290,320,15,21.9,0,0,0,0,0,0,0
2015.11.21,60,1457.1,2015,11,21,6.49,0,0,0,47.5,53,42,60,30,16.1,21.9,0,0,0,0,0,0,0
2015.11.22,27,985.2222,2015,11,22,6.26,0.03,0,0,48.5,55,42,360,20,13,21,1,0,0,0,0,0,0
2015.11.23,12,943.3333,2015,11,23,5.82,0,0,0,38.5,44,33,310,300,13,23,0,0,0,0,0,0,0
2015.11.24,12,3231.1667,2015,11,24,3.8,0,0,0,39,46,32,260,250,12.1,16.1,0,0,0,0,0,0,0
2015.11.25,19,2249.4737,2015,11,25,2.68,0,0,0,43,50,36,70,60,8.9,13,0,0,0,0,0,0,0
2015.11.26,52,1419.4231,2015,11,26,2.91,0,0,0,50.5,60,41,180,160,8.1,14.1,0,0,0,0,0,0,0
2015.11.27,76,76378.3158,2015,11,27,3.8,0,0,0,57.5,64,51,240,99,8.9,18.1,1,0,0,0,0,0,0
2015.11.28,23,1830.9565,2015,11,28,0,0.02,0,0,54.5,64,45,0,0,0,0,0,0,0,0,0,0,0
2015.11.29,20,1963.1,2015,11,29,0,0,0,0,43.5,49,38,0,0,0,0,0,0,0,0,0,0,0
2015.11.30,18,1539.4444,2015,11,30,5.59,0,0,0,40,47,33,60,240,13,19,1,0,0,0,0,0,0
2015.12.1,1,778,2015,12,1,6.71,0.33,0,0,47.5,51,44,110,110,12.1,19,0,0,0,0,0,0,0
2015.12.2,11,4119.8182,2015,12,2,2.91,0.14,0,0,51.5,57,46,270,260,8.9,17,0,0,0,0,0,0,0
2015.12.3,8,842.5,2015,12,3,8.5,0,0,0,49.5,55,44,290,300,16.1,27.1,0,0,0,0,0,0,0
2015.12.4,34,2713.5588,2015,12,4,4.25,0,0,0,46.5,51,42,280,310,12.1,18.1,0,0,0,0,0,0,0
2015.12.5,52,2082.3462,2015,12,5,2.24,0,0,0,45.5,51,40,260,250,8.9,12.1,0,0,0,0,0,0,0
2015.12.6,43,2068.8605,2015,12,6,3.36,0,0,0,46,53,39,260,260,12.1,16.1,0,0,0,0,0,0,0
2015.12.7,6,824.8333,2015,12,7,3.8,0,0,0,48,54,42,350,270,10.1,16.1,0,0,0,0,0,0,0
2015.12.8,17,2167.3529,2015,12,8,4.47,0,0,0,45,49,41,20,40,13,18.1,0,0,0,0,0,0,0
2015.12.9,6,1178,2015,12,9,4.25,0,0,0,47.5,55,40,170,190,13,21.9,0,0,0,0,0,0,0
2015.12.10,11,2420.2727,2015,12,10,4.25,0,0,0,55.5,60,51,260,270,12.1,18.1,0,0,0,0,0,0,0
2015.12.11,15,879.1333,2015,12,11,4.7,0,0,0,55.5,61,50,250,250,13,19.9,0,0,0,0,0,1,0
2015.12.12,93,71789.0645,2015,12,12,2.01,0,0,0,60.5,66,55,190,250,8.9,16.1,0,0,0,0,0,1,0
2015.12.13,90,3550.9889,2015,12,13,3.36,0,0,0,61,67,55,130,140,12.1,18.1,0,0,0,0,0,1,0
2015.12.14,14,808,2015,12,14,4.7,0.33,0,0,60,67,53,160,180,13,19,1,0,0,0,0,1,0
2015.12.15,9,7637.6667,2015,12,15,10.51,0.09,0,0,60.5,68,53,290,310,21,34,0,0,0,0,0,0,0
2015.12.16,14,3206.7857,2015,12,16,5.37,0.04,0,0,49.5,53,46,360,350,14.1,21.9,1,0,0,0,0,1,0
2015.12.17,6,716.5,2015,12,17,4.92,1.21,0,0,54.5,59,50,170,170,12.1,18.1,1,0,0,0,0,1,0
2015.12.18,11,635.5455,2015,12,18,6.71,0,0,0,47.5,57,38,310,320,17,25.9,0,0,0,0,0,0,0
2015.12.19,11,2163.2727,2015,12,19,9.4,0,0,0,37.5,40,35,290,280,19.9,30,0,0,0,0,0,0,0
2015.12.20,10,18612.5,2015,12,20,6.04,0,0,0,38.5,43,34,310,320,17,25.9,0,0,0,0,0,0,0
2015.12.21,21,1362.8095,2015,12,21,7.16,0,0,0,47.5,56,39,250,240,17,29.1,0,0,0,0,0,0,0
2015.12.22,6,416.6667,2015,12,22,4.92,0.19,0,0,57.5,62,53,180,260,14.1,19.9,1,0,0,0,0,0,0
2015.12.23,3,525.3333,2015,12,23,3.58,1.55,0,0,58,64,52,180,170,10.1,17,1,0,0,0,0,1,0
2015.12.24,21,5712.9048,2015,12,24,4.47,0.01,0,0,67.5,72,63,270,210,15,27.1,1,0,0,0,0,1,0
2015.12.25,74,1929.8514,2015,12,25,0.89,0.01,0,0,61.5,66,57,310,310,8.1,12.1,1,0,0,0,0,1,0
2015.12.26,20,9622.55,2015,12,26,8.05,0,0,0,53,59,47,40,40,15,21.9,1,0,0,0,0,0,0
2015.12.27,43,1869.4186,2015,12,27,5.82,0.12,0,0,53.5,61,46,310,320,15,25.9,1,0,0,0,0,1,0
2015.12.28,24,2226.375,2015,12,28,8.28,0.03,0,0,40,46,34,90,100,18.1,28,0,0,0,1,0,1,0
2015.12.29,5,568.4,2015,12,29,6.93,0.45,0,0,40,46,34,100,120,18.1,23.9,1,0,0,1,0,1,0
2015.12.30,14,2434.8571,2015,12,30,4.03,0.19,0,0,43,48,38,120,110,8.9,13,1,0,0,0,0,1,0
2015.12.31,27,6010.8148,2015,12,31,5.37,0.03,0,0,45,48,42,300,300,14.1,19.9,1,0,0,0,0,0,0
2016.1.1,14,1085.7857,2016,1,1,7.61,0,0,0,38,42,34,290,300,17,25.9,0,0,0,0,0,0,0
2016.1.2,32,6275.1875,2016,1,2,6.71,0,0,0,36,40,32,290,270,15,23,0,0,0,0,0,0,0
2016.1.3,67,1204.1791,2016,1,3,7.83,0,0,0,40,45,35,270,240,17,25.9,0,0,0,0,0,0,0
2016.1.4,12,971.8333,2016,1,4,8.5,0,0,0,25,36,14,40,40,21,31.1,0,0,0,0,0,0,0
2016.1.5,7,948.4286,2016,1,5,5.14,0,0,0,20,29,11,10,20,19.9,30,0,0,0,0,0,0,0
2016.1.6,9,1226.2222,2016,1,6,3.58,0,0,0,33,41,25,250,250,13,18.1,0,0,0,0,0,0,0
2016.1.7,6,13669.3333,2016,1,7,2.46,0,0,0,38.5,46,31,260,0,6.9,0,0,0,0,0,0,0,0
2016.1.8,4,1111.25,2016,1,8,4.25,0,0,0,38.5,46,31,80,80,14.1,21,0,0,0,0,0,0,0
2016.1.9,26,62140.3462,2016,1,9,8.05,0,0,0,43.5,47,40,70,80,15,19.9,1,0,0,0,0,1,0
2016.1.10,12,1699,2016,1,10,9.84,1.8,0,0,49.5,59,40,280,290,21.9,35.1,1,0,0,0,0,0,0
2016.1.11,7,912.4286,2016,1,11,10.51,0,0,0,33,40,26,280,280,19.9,35.1,0,0,0,0,0,0,0
2016.1.12,1,1290,2016,1,12,6.04,0,0,0,34.5,44,25,290,280,21.9,35.1,0,0,0,0,0,1,0
2016.1.13,3,587.3333,2016,1,13,9.84,0,0,0,26,30,22,280,260,21,35.1,0,0,0,0,0,0,0
2016.1.14,1,166,2016,1,14,4.92,0,0,0,30,38,22,260,280,15,23,0,0,0,0,0,1,0
2016.1.15,27,1438.2222,2016,1,15,5.14,0,0,0,42.5,51,34,170,170,12.1,18.1,0,0,0,0,0,0,0
2016.1.16,30,1578.6333,2016,1,16,6.71,0.24,0,0,47,52,42,310,270,15,21.9,1,0,0,0,0,1,0
2016.1.17,5,2734,2016,1,17,5.59,0.05,0.4,0,36,42,30,60,10,13,19,1,0,0,0,0,1,0
2016.1.18,8,20553.25,2016,1,18,11.86,0,0,0,24.5,31,18,290,280,21.9,35.1,0,0,0,0,0,1,0
2016.1.19,1,3483,2016,1,19,10.96,0,0,0,22,28,16,280,280,19.9,34,0,0,0,0,0,0,0
2016.1.20,1,1536,2016,1,20,5.59,0,0,0,32,37,27,310,290,14.1,21.9,0,0,0,0,0,0,0
2016.1.21,6,998.5,2016,1,21,6.04,0,0,0,31,36,26,310,10,15,23,0,0,0,0,0,0,0
2016.1.22,1,484,2016,1,22,6.49,0.01,0.2,0,25.5,30,21,50,30,16.1,21.9,0,0,0,0,0,1,0
2016.1.30,8,1387.375,2016,1,30,6.93,0,0,5.9,33.5,39,28,240,250,16.1,25.1,0,0,0,0,0,0,0
2016.1.31,14,2195.4286,2016,1,31,5.14,0,0,3.9,46,56,36,250,240,14.1,21.9,0,0,0,0,0,0,0
2016.2.1,9,1294.7778,2016,2,1,5.82,0.01,0,2,51.5,59,44,250,260,14.1,21,0,0,0,0,0,0,0
2016.2.2,8,1237,2016,2,2,3.58,0,0,0,44,50,38,170,20,12.1,17,0,0,0,0,0,0,0
2016.2.3,6,480.1667,2016,2,3,6.49,0.73,0,0,50.5,59,42,180,170,18.1,30,1,0,0,0,0,0,0
2016.2.4,8,690.125,2016,2,4,5.82,0,0,0,51.5,59,44,20,20,14.1,21,1,0,0,0,0,0,0
2016.2.5,1,298,2016,2,5,8.28,0.53,2.5,1.2,37.5,44,31,310,300,17,29.1,1,1,0,0,0,1,0
2016.2.6,10,914.3,2016,2,6,5.59,0,0,0,35,40,30,250,240,14.1,21.9,0,0,0,0,0,0,0
2016.2.7,18,1370.8889,2016,2,7,5.37,0,0,0,40,47,33,60,90,18.1,25.9,0,0,0,0,0,0,0
2016.2.8,7,1329.8571,2016,2,8,10.51,0.05,0.1,0,33.5,39,28,60,40,21,31.1,1,0,0,0,0,1,0
2016.2.9,3,755.3333,2016,2,9,4.03,0,0,0,31.5,36,27,60,60,14.1,19,0,0,0,0,0,1,0
2016.2.10,4,627,2016,2,10,5.82,0.01,0,0,35,39,31,250,240,16.1,23.9,1,0,0,0,0,1,0
2016.2.11,4,1704,2016,2,11,10.07,0,0,0,24.5,31,18,290,290,19.9,36.9,0,0,0,0,0,1,0
2016.2.12,11,5198,2016,2,12,6.71,0,0,0,21,27,15,290,300,15,27.1,0,0,0,0,0,0,0
2016.2.13,2,578.5,2016,2,13,12.3,0,0,0,14,22,6,290,290,23,40,0,0,0,0,0,0,0
2016.2.14,2,7596,2016,2,14,6.26,0,0,0,7,15,-1,310,300,19.9,33.1,0,0,0,0,0,0,0
2016.2.15,3,857.6667,2016,2,15,5.37,0.44,1.4,0,24,35,13,60,60,12.1,17,1,0,0,0,1,1,0
2016.2.17,7,825.4286,2016,2,17,7.38,0,0,0,37,39,35,320,310,14.1,21.9,0,0,0,0,0,0,0
2016.2.18,6,736.5,2016,2,18,7.16,0,0,0,31.5,36,27,30,300,15,23,0,0,0,0,0,0,0
2016.2.19,1,284,2016,2,19,5.37,0,0,0,31.5,39,24,170,180,14.1,23,0,0,0,0,0,0,0
2016.2.20,27,1795,2016,2,20,7.38,0,0,0,50,61,39,240,240,16.1,30,0,0,0,0,0,0,0
2016.2.21,41,2392,2016,2,21,4.92,0.03,0,0,49.5,55,44,60,40,14.1,21,0,0,0,0,0,0,0
2016.2.22,27,4825.3704,2016,2,22,5.14,0,0,0,45,52,38,70,80,16.1,21.9,0,0,0,0,0,0,0
2016.2.25,6,843.6667,2016,2,25,8.95,0.02,0,0,49,61,37,260,250,19.9,36,1,0,0,0,0,0,0
2016.2.26,3,1164,2016,2,26,8.72,0,0,0,33,39,27,290,290,21.9,34,0,0,0,0,0,0,0
2016.2.27,14,1493.0714,2016,2,27,6.04,0,0,0,33.5,41,26,250,250,15,23.9,0,0,0,0,0,0,0
2016.2.28,89,3434.0449,2016,2,28,7.38,0,0,0,49,60,38,230,200,17,31.1,0,0,0,0,0,0,0
2016.2.29,13,7374.9231,2016,2,29,8.5,0.05,0,0,54,61,47,260,270,15,25.9,0,0,0,0,0,0,0
2016.3.1,11,949.2727,2016,3,1,7.61,0,0,0,45.5,52,39,170,250,15,25.1,0,0,0,0,0,0,0
2016.3.2,4,756.25,2016,3,2,10.51,0.14,0,0,42,55,29,310,300,23,40,1,0,0,0,0,1,0
2016.3.3,3,2134.3333,2016,3,3,5.82,0,0,0,31,36,26,310,320,16.1,25.1,0,0,0,0,0,0,0
2016.3.4,5,11584.4,2016,3,4,8.72,0.11,0.4,0,34.5,39,30,30,20,16.1,23.9,1,0,0,0,0,1,0
2016.3.5,13,14222.6154,2016,3,5,4.25,0,0,0,34.5,41,28,360,360,13,18.1,0,0,0,0,0,0,0
2016.3.6,27,2359.1481,2016,3,6,3.36,0,0,0,38,44,32,50,50,13,15,0,0,0,0,0,0,0
2016.3.7,20,1022.4,2016,3,7,7.83,0,0,0,48,60,36,230,240,17,30,0,0,0,0,0,1,0
2016.3.8,28,3230.3214,2016,3,8,3.36,0,0,0,57,67,47,170,170,14.1,19,0,0,0,0,0,1,0
2016.3.9,61,2631.2131,2016,3,9,2.24,0,0,0,60.5,77,44,240,210,10.1,21.9,0,0,0,0,0,1,0
2016.3.10,52,5470.4038,2016,3,10,4.92,0,0,0,71,79,63,250,0,12.1,0,0,0,0,0,0,0,0
2016.3.11,39,1171.8974,2016,3,11,6.04,0.06,0,0,58,68,48,40,10,17,25.9,1,0,0,0,0,0,0
2016.3.12,74,4996.8514,2016,3,12,5.14,0,0,0,49.5,59,40,250,250,15,23,0,0,0,0,0,0,0
2016.3.13,86,3934.7791,2016,3,13,3.58,0,0,0,56,62,50,30,30,12.1,18.1,0,0,0,0,0,0,0
2016.3.14,5,1333.2,2016,3,14,14.09,0.29,0,0,45.5,51,40,70,60,28,40,1,0,0,0,0,1,0
2016.3.15,16,1125.0625,2016,3,15,5.37,0,0,0,50.5,57,44,70,70,23,36.9,1,0,0,0,0,1,0
2016.3.16,9,1753.6667,2016,3,16,3.58,0.02,0,0,56.5,65,48,190,170,13,18.1,0,0,0,0,0,0,0
2016.3.17,24,1788.0833,2016,3,17,4.92,0,0,0,54,63,45,300,300,19.9,32,0,0,0,0,0,0,0
2016.3.18,29,1208.9655,2016,3,18,8.72,0,0,0,49.5,57,42,290,270,21.9,40,0,0,0,0,0,0,0
2016.3.19,45,3046.4889,2016,3,19,5.14,0,0,0,41,46,36,40,40,15,23.9,0,0,0,0,0,0,0
2016.3.20,36,1176.7222,2016,3,20,9.62,0.07,0,0,37.5,43,32,60,80,18.1,23.9,1,0,0,0,0,0,0
2016.3.21,10,662.1,2016,3,21,8.05,0.06,0.5,0,41,50,32,280,290,19.9,33.1,1,0,0,0,0,0,0
2016.3.22,15,4306.5333,2016,3,22,6.93,0,0,0,45.5,56,35,260,240,15,23,0,0,0,0,0,0,0
2016.3.23,33,9316.7576,2016,3,23,6.04,0,0,0,59.5,71,48,250,260,15,25.9,0,0,0,0,0,0,0
2016.3.24,25,1516.84,2016,3,24,9.17,0,0,0,49.5,55,44,60,70,19.9,25.9,1,0,0,0,0,1,0
2016.3.25,46,3490.2391,2016,3,25,3.8,0.04,0,0,58,72,44,290,360,14.1,21.9,1,0,0,0,0,1,0
2016.3.26,63,2160.254,2016,3,26,6.49,0,0,0,46.5,55,38,60,190,14.1,21,0,0,0,0,0,0,0
2016.3.27,64,6063.7344,2016,3,27,5.59,0,0,0,49,55,43,170,180,13,19.9,0,0,0,0,0,0,0
2016.3.28,10,5505.9,2016,3,28,10.07,0.38,0,0,52,62,42,290,270,25.1,45,1,0,0,0,0,1,0
2016.3.29,14,12901.2857,2016,3,29,11.63,0,0,0,46.5,53,40,290,280,25.9,42.9,0,0,0,0,0,0,0
2016.3.30,17,1167.4118,2016,3,30,5.37,0,0,0,46.5,56,37,190,160,16.1,23.9,0,0,0,0,0,0,0
2016.3.31,18,1678,2016,3,31,6.71,0,0,0,61,73,49,240,250,16.1,28,0,0,0,0,0,0,0
2016.4.1,29,1786.2414,2016,4,1,6.71,0.02,0,0,70,79,61,260,250,12.1,30,0,0,0,0,0,0,0
2016.4.2,37,4863.5676,2016,4,2,4.92,0.16,0,0,55,61,49,190,190,8.9,19.9,0,0,0,0,0,0,0
2016.4.3,16,3416.9375,2016,4,3,12.75,0.09,0,0,42,50,34,280,280,25.1,45,0,0,0,0,0,0,0
2016.4.4,3,6415,2016,4,4,7.16,0.47,0,0,37,45,29,50,30,16.1,25.1,1,0,0,0,0,0,0
2016.4.5,9,1751,2016,4,5,8.28,0,0,0,34.5,43,26,20,20,21.9,31.1,0,0,0,0,0,0,0
2016.4.6,7,3722.1429,2016,4,6,6.04,0,0,0,39,48,30,180,180,17,36,0,0,0,0,0,0,0
2016.4.7,9,10369,2016,4,7,6.93,0.09,0,0,53,58,48,250,260,19.9,34,0,0,0,0,0,0,0
2016.4.8,5,468,2016,4,8,7.16,0.01,0,0,45,50,40,280,300,13,29.1,0,0,0,0,0,0,0
2016.4.9,8,1358.25,2016,4,9,6.49,0.11,0,0,39.5,43,36,310,320,14.1,25.1,0,0,0,0,0,0,0
2016.4.10,27,3171.9259,2016,4,10,4.92,0,0,0,40.5,50,31,260,320,13,23.9,0,0,0,0,0,0,0
2016.4.11,19,645.6842,2016,4,11,6.93,0.01,0,0,54,65,43,260,240,13,21.9,0,0,0,0,0,0,0
2016.4.12,4,998.75,2016,4,12,5.82,0.2,0,0,52,59,45,310,320,21,30,1,0,0,0,0,0,0
2016.4.13,10,2003.8,2016,4,13,4.47,0,0,0,49,58,40,40,40,16.1,25.1,0,0,0,0,0,0,0
2016.4.14,9,1093.4444,2016,4,14,6.49,0,0,0,52.5,62,43,50,50,11,19.9,0,0,0,0,0,0,0
2016.4.15,21,2509.1429,2016,4,15,3.8,0,0,0,53.5,65,42,60,60,13,19,0,0,0,0,0,0,0
2016.4.16,124,3186,2016,4,16,4.92,0,0,0,55.5,68,43,50,40,16.1,19.9,0,0,0,0,0,0,0
2016.4.17,274,2547.5547,2016,4,17,2.91,0,0,0,59.5,75,44,180,160,8.9,15,0,0,0,0,0,0,0
2016.4.18,61,3315.2459,2016,4,18,3.8,0,0,0,66.5,82,51,170,170,14.1,21.9,0,0,0,0,0,0,0
2016.4.19,42,3079.8333,2016,4,19,7.61,0,0,0,64,73,55,350,340,16.1,28,0,0,0,0,0,0,0
2016.4.20,47,1638.9362,2016,4,20,6.04,0,0,0,59,69,49,50,50,16.1,21,0,0,0,0,0,0,0
2016.4.21,55,2672.7455,2016,4,21,5.59,0,0,0,61,73,49,260,150,14.1,21,0,0,0,0,0,0,0
2016.4.22,164,1422.0305,2016,4,22,4.25,0,0,0,70.5,79,62,170,240,10.1,18.1,0,0,0,0,0,0,0
2016.4.23,158,2005.3418,2016,4,23,7.16,0.16,0,0,62.5,71,54,30,10,16.1,25.1,1,0,0,0,0,1,0
2016.4.24,198,2847.0152,2016,4,24,5.82,0,0,0,57.5,68,47,30,40,15,25.1,0,0,0,0,0,0,0
2016.4.25,78,5190.1795,2016,4,25,4.03,0,0,0,59.5,69,50,150,100,8.9,14.1,0,0,0,0,0,0,0
2016.4.26,64,2110.7969,2016,4,26,7.16,0.24,0,0,53.5,60,47,70,60,17,25.9,1,0,0,0,0,1,0
2016.4.27,87,2255.6782,2016,4,27,4.25,0,0,0,54,62,46,240,210,12.1,19.9,0,0,0,0,0,0,0
2016.4.28,25,1490.92,2016,4,28,4.7,0,0,0,53.5,59,48,50,60,13,18.1,0,0,0,0,0,0,0
2016.4.29,26,1943.1154,2016,4,29,5.82,0.05,0,0,51.5,58,45,60,90,14.1,19.9,1,0,0,0,0,0,0
2016.4.30,164,2822.2378,2016,4,30,5.82,0,0,0,55.5,65,46,270,170,12.1,18.1,0,0,0,0,0,0,0
2016.5.1,10,795.9,2016,5,1,4.92,0.16,0,0,48,51,45,70,170,13,19.9,1,0,0,0,0,1,0
2016.5.2,19,2103.9474,2016,5,2,2.24,0.04,0,0,52.5,60,45,60,300,8.9,12.1,1,0,0,0,0,1,0
2016.5.3,12,21598.6667,2016,5,3,6.04,0.61,0,0,53.5,56,51,60,70,14.1,19,1,0,0,0,0,1,0
2016.5.4,11,739.4545,2016,5,4,8.72,0.01,0,0,50,52,48,60,60,17,23.9,1,0,0,0,0,1,0
2016.5.5,7,6778.7143,2016,5,5,8.28,0,0,0,51.5,57,46,60,40,15,23,1,0,0,0,0,1,0
2016.5.6,7,1020.2857,2016,5,6,7.83,0.54,0,0,51,54,48,80,60,18.1,28,1,0,0,0,0,1,0
2016.5.7,59,3817.8475,2016,5,7,4.47,0,0,0,54,60,48,80,60,14.1,19,1,0,0,0,0,0,0
2016.5.8,63,3482.0952,2016,5,8,4.7,0.16,0,0,57.5,66,49,310,300,19.9,31.1,1,0,0,0,0,0,0
2016.5.9,73,1703.7534,2016,5,9,5.14,0,0,0,62,72,52,260,270,18.1,30,0,0,0,0,0,0,0
2016.5.10,23,1304.7391,2016,5,10,4.92,0,0,0,56.5,63,50,60,250,13,19.9,0,0,0,0,0,0,0
2016.5.11,35,1711.5143,2016,5,11,2.46,0,0,0,63,76,50,250,250,10.1,17,0,0,0,0,0,0,0
2016.5.12,44,2095.8182,2016,5,12,3.36,0,0,0,68,80,56,70,5,12.1,18.1,0,0,0,0,0,0,0
2016.5.13,25,940.92,2016,5,13,0,0.25,0,0,61,65,57,0,0,0,0,0,0,0,0,0,0,0
2016.5.14,148,2205.0946,2016,5,14,0,0,0,0,64.5,73,56,0,0,0,0,0,0,0,0,0,0,0
2016.5.15,83,3125.5422,2016,5,15,0,0,0,0,52.5,59,46,0,0,0,0,0,0,0,0,0,0,0
2016.5.16,28,1841.3571,2016,5,16,0,0,0,0,54.5,66,43,0,0,0,0,0,0,0,0,0,0,0
2016.5.17,32,955.4375,2016,5,17,3.8,0,0,0,58,64,52,99,0,6,0,0,0,0,0,0,0,0
2016.5.18,34,722.7941,2016,5,18,0,0,0,0,60,68,52,0,0,0,0,0,0,0,0,0,0,0
2016.5.19,46,3997.4783,2016,5,19,1.34,0,0,0,63.5,73,54,190,180,10.1,21,0,0,0,0,0,0,0
2016.5.20,54,2037.0926,2016,5,20,4.47,0,0,0,64.5,76,53,50,250,12.1,16.1,0,0,0,0,0,0,0
2016.5.21,44,3888.3636,2016,5,21,3.8,0.04,0,0,60,66,54,150,150,12.1,19,0,0,0,0,0,0,0
2016.5.22,174,2474.7241,2016,5,22,3.58,0.09,0,0,61,70,52,60,50,10.1,14.1,1,0,0,0,0,0,0
2016.5.23,50,1274.4,2016,5,23,2.46,0.02,0,0,67,78,56,180,170,8.9,16.1,0,0,0,0,0,1,0
2016.5.24,27,796.1852,2016,5,24,2.01,0.18,0,0,65.5,73,58,20,30,8.9,14.1,1,0,0,0,0,1,0
2016.5.25,74,2063.027,2016,5,25,4.25,0,0,0,74.5,88,61,240,250,10.1,16.1,0,0,0,0,0,0,0
2016.5.26,42,2042.9524,2016,5,26,3.58,0,0,0,79.5,90,69,180,190,10.1,17,0,0,0,0,0,0,0
2016.5.27,43,1890.9767,2016,5,27,3.8,0,0,0,80,87,73,160,250,13,19.9,0,0,0,0,0,1,0
2016.5.28,76,3406.4605,2016,5,28,4.47,0,0,0,81.5,92,71,230,240,12.1,23,0,0,0,0,0,1,0
2016.5.29,233,2123.1717,2016,5,29,4.92,0,0,0,78.5,87,70,170,170,13,23.9,1,0,0,0,0,0,0
2016.5.30,128,3877.5625,2016,5,30,3.13,1.65,0,0,75,82,68,240,330,12.1,30,1,0,0,0,0,1,0
2016.5.31,30,2921.3333,2016,5,31,3.13,0,0,0,78,85,71,70,210,12.1,19.9,1,0,0,0,0,1,0
2016.6.1,35,3186.1714,2016,6,1,6.04,0,0,0,74.5,83,66,60,60,13,17,0,0,0,0,0,0,0
2016.6.2,39,1767.5385,2016,6,2,4.7,0,0,0,70,78,62,60,50,12.1,16.1,0,0,0,0,0,1,0
2016.6.3,33,3829.9697,2016,6,3,1.34,0.04,0,0,66.5,70,63,90,140,8.1,10.1,1,0,0,0,0,1,0
2016.6.4,124,2390.4839,2016,6,4,2.46,0.4,0,0,74.5,83,66,160,180,8.9,13,1,0,0,0,0,1,0
2016.6.5,47,3573.2128,2016,6,5,3.36,0.91,0,0,68,71,65,280,270,18.1,38,1,0,0,0,0,0,0
2016.6.6,42,2100.4762,2016,6,6,5.59,0,0,0,74,83,65,250,290,13,21.9,1,0,0,0,0,1,0
2016.6.7,41,17991.3902,2016,6,7,5.14,0,0,0,74.5,85,64,310,300,17,30,0,0,0,0,0,0,0
2016.6.8,12,1576,2016,6,8,7.61,0.45,0,0,59.5,67,52,290,280,17,28,1,0,0,0,0,0,0
2016.6.9,25,1400.36,2016,6,9,8.95,0,0,0,62.5,71,54,290,280,21,32,0,0,0,0,0,0,0
2016.6.10,61,3817.8525,2016,6,10,5.37,0,0,0,67,77,57,300,310,14.1,23.9,0,0,0,0,0,1,0
2016.6.11,106,2090.6226,2016,6,11,3.36,0,0,0,73.5,88,59,270,270,15,25.1,0,0,0,0,0,0,0
2016.6.12,180,2495.9389,2016,6,12,8.05,0,0,0,72.5,83,62,290,290,21,36,0,0,0,0,0,1,0
2016.6.13,48,1748.8333,2016,6,13,7.38,0,0,0,65.5,74,57,280,320,14.1,27.1,0,0,0,0,0,0,0
2016.6.14,54,1089.6296,2016,6,14,4.25,0,0,0,68.5,79,58,20,290,10.1,17,0,0,0,0,0,0,0
2016.6.15,54,2075,2016,6,15,2.46,0,0,0,73.5,85,62,260,250,12.1,18.1,0,0,0,0,0,1,0
2016.6.16,25,3690.64,2016,6,16,1.79,0.22,0,0,69.5,74,65,150,20,8.1,16.1,1,0,0,0,0,1,0
2016.6.17,83,2726.1687,2016,6,17,4.7,0,0,0,70.5,78,63,70,180,13,19,0,0,0,0,0,0,0
2016.6.18,225,2037.0844,2016,6,18,2.68,0,0,0,74,87,61,160,160,8.9,16.1,0,0,0,0,0,0,0
2016.6.19,261,1764.977,2016,6,19,2.91,0,0,0,77,88,66,170,170,12.1,19.9,0,0,0,0,0,0,0
2016.6.20,34,3333.2941,2016,6,20,3.13,0,0,0,74,84,64,160,170,12.1,17,0,0,0,0,0,0,0
2016.6.21,22,7264,2016,6,21,4.92,0,0,0,79.5,87,72,300,300,15,27.1,0,0,0,0,0,1,0
2016.6.22,33,1809.6667,2016,6,22,4.03,0,0,0,77,86,68,290,270,17,25.9,0,0,0,0,0,0,0
2016.6.23,28,1909.7857,2016,6,23,2.01,0,0,0,76,83,69,70,60,8.1,12.1,0,0,0,0,0,0,0
2016.6.24,38,1631.9737,2016,6,24,6.26,0,0,0,75.5,84,67,60,40,15,21.9,0,0,0,0,0,1,0
2016.6.25,114,1761.4737,2016,6,25,3.58,0,0,0,75,86,64,170,160,8.9,15,0,0,0,0,0,0,0
2016.6.26,125,3251.576,2016,6,26,2.46,0,0,0,77,87,67,160,170,10.1,17,0,0,0,0,0,0,0
2016.6.27,43,1752.4419,2016,6,27,4.92,0.45,0,0,75,83,67,160,190,12.1,21.9,1,0,0,0,0,0,0
2016.6.28,32,1366.2812,2016,6,28,3.58,0.12,0,0,72,76,68,160,170,12.1,17,1,0,0,0,0,1,0
2016.6.29,58,2667.6552,2016,6,29,2.24,0.01,0,0,75,83,67,270,250,10.1,17,1,0,0,0,0,0,0
2016.6.30,42,3566.6429,2016,6,30,2.91,0,0,0,76,85,67,160,250,8.1,15,0,0,0,0,0,0,0
2016.7.1,27,1684.4815,2016,7,1,3.36,0.83,0,0,72.5,79,66,170,160,13,21.9,1,0,0,0,0,1,0
2016.7.2,86,1749.4535,2016,7,2,5.37,0,0,0,69.5,76,63,310,290,13,23.9,1,0,0,0,0,0,0
2016.7.3,176,1891.1307,2016,7,3,3.13,0,0,0,71,78,64,250,270,8.9,16.1,0,0,0,0,0,0,0
2016.7.4,241,3415.2656,2016,7,4,3.13,0.49,0,0,75,84,66,260,250,12.1,21,1,0,0,0,0,0,0
2016.7.5,39,6481.9231,2016,7,5,2.91,0.66,0,0,77.5,86,69,280,280,12.1,16.1,1,0,0,0,0,0,0
2016.7.6,61,1622.9836,2016,7,6,2.46,0,0,0,83,91,75,170,180,8.1,16.1,0,0,0,0,0,0,0
2016.7.7,46,1249.3696,2016,7,7,2.01,0.04,0,0,83,89,77,260,170,8.9,18.1,1,0,0,0,0,1,0
2016.7.8,27,819.4815,2016,7,8,5.37,0.08,0,0,76.5,86,67,60,60,13,18.1,1,0,0,0,0,1,0
2016.7.9,81,4764.1728,2016,7,9,4.03,0.53,0,0,68.5,72,65,150,140,10.1,16.1,1,0,0,0,0,1,0
2016.7.10,111,2749.6216,2016,7,10,4.25,0,0,0,73,80,66,290,290,12.1,21.9,1,0,0,0,0,0,0
2016.7.11,32,1301,2016,7,11,3.36,0,0,0,73,81,65,60,50,10.1,15,0,0,0,0,0,0,0
2016.7.12,37,2008.8108,2016,7,12,4.25,0,0,0,75,82,68,170,170,13,19,0,0,0,0,0,0,0
2016.7.13,35,2895.6286,2016,7,13,4.7,0,0,0,78,85,71,230,250,10.1,19.9,0,0,0,0,0,0,0
2016.7.14,20,2365.8,2016,7,14,2.91,0.62,0,0,80.5,88,73,280,290,19.9,36,1,0,0,0,0,1,0
2016.7.15,64,4350.2031,2016,7,15,4.47,0,0,0,83.5,88,79,280,290,13,21,0,0,0,0,0,0,0
2016.7.16,48,2456.3333,2016,7,16,4.25,0,0,0,82.5,90,75,210,210,13,23,0,0,0,0,0,1,0
2016.7.17,128,2480.4766,2016,7,17,2.68,0,0,0,82,89,75,280,170,10.1,16.1,0,0,0,0,0,0,0
2016.7.18,30,4520.9667,2016,7,18,5.82,0.35,0,0,82.5,93,72,250,280,13,21.9,1,0,0,0,0,0,0
2016.7.19,31,2164.3548,2016,7,19,4.92,0,0,0,78,83,73,320,320,12.1,23,0,0,0,0,0,0,0
2016.7.20,31,1938.2258,2016,7,20,3.13,0,0,0,76.5,85,68,80,80,10.1,14.1,0,0,0,0,0,0,0
2016.7.21,61,1271.2787,2016,7,21,5.14,0,0,0,80.5,90,71,220,240,12.1,21,0,0,0,0,0,0,0
2016.7.22,40,4009.875,2016,7,22,6.49,0,0,0,84,94,74,280,240,16.1,25.9,0,0,0,0,0,1,0
2016.7.23,71,1863,2016,7,23,4.92,0,0,0,88,96,80,290,280,15,23.9,0,0,0,0,0,0,0
2016.7.24,115,3378.4696,2016,7,24,4.03,0,0,0,84.5,94,75,240,240,8.9,18.1,0,0,0,0,0,0,0
2016.7.25,24,1512.9583,2016,7,25,3.36,1,0,0,83,93,73,60,30,18.1,31.1,1,0,0,0,0,0,0
2016.7.26,54,6184.4815,2016,7,26,4.25,0,0,0,80.5,89,72,290,290,12.1,21.9,1,0,0,0,0,0,0
2016.7.27,27,2078.0741,2016,7,27,2.01,0,0,0,82.5,91,74,250,280,8.1,11,0,0,0,0,0,0,0
2016.7.28,18,977.7222,2016,7,28,3.13,0,0,0,85,95,75,250,240,13,23,1,0,0,0,0,1,0
2016.7.29,60,1892.1167,2016,7,29,4.25,1.09,0,0,77,85,69,60,60,13,18.1,1,0,0,0,0,1,0
2016.7.30,60,3227.4833,2016,7,30,3.58,0.25,0,0,78.5,84,73,160,180,10.1,19.9,1,0,0,0,0,1,0
2016.7.31,77,1960.9351,2016,7,31,4.25,1.08,0,0,74.5,78,71,120,120,14.1,19.9,1,0,0,0,0,1,0
2016.8.1,66,2151.7576,2016,8,1,4.92,0,0,0,74.5,80,69,60,60,13,17,1,0,0,0,0,0,0
2016.8.2,79,2463.7215,2016,8,2,6.93,0,0,0,73.5,79,68,70,60,16.1,19.9,0,0,0,0,0,0,0
2016.8.3,34,1325.4118,2016,8,3,2.91,0,0,0,73,80,66,180,170,8.9,16.1,0,0,0,0,0,0,0
2016.8.4,61,3985.0984,2016,8,4,2.01,0,0,0,74,81,67,250,200,8.1,15,0,0,0,0,0,0,0
2016.8.5,61,1396.2131,2016,8,5,3.8,0,0,0,76,83,69,240,240,10.1,19,0,0,0,0,0,0,0
2016.8.6,138,1962.3986,2016,8,6,5.14,0.05,0,0,79.5,87,72,290,300,14.1,21.9,1,0,0,0,0,1,0
2016.8.7,220,3040.8227,2016,8,7,4.03,0,0,0,78,86,70,330,300,10.1,18.1,0,0,0,0,0,0,0
2016.8.8,49,1681.3673,2016,8,8,1.34,0,0,0,78.5,86,71,60,30,8.1,11,0,0,0,0,0,0,0
2016.8.9,25,3827.32,2016,8,9,2.68,0,0,0,79,87,71,220,200,10.1,18.1,0,0,0,0,0,0,0
2016.8.10,35,2986.7429,2016,8,10,4.03,0.09,0,0,80.5,86,75,260,250,12.1,19.9,1,0,0,0,0,1,0
2016.8.11,54,1526.8704,2016,8,11,4.47,0.15,0,0,82.5,91,74,290,280,13,19.9,1,0,0,0,0,1,0
2016.8.12,52,1277.6731,2016,8,12,5.14,0.32,0,0,83,93,73,250,270,13,21.9,1,0,0,0,0,1,0
2016.8.13,77,3820.1558,2016,8,13,4.03,0,0,0,88.5,96,81,260,170,12.1,19,0,0,0,0,0,0,0
2016.8.14,88,2234.75,2016,8,14,3.8,0.06,0,0,86,94,78,280,250,12.1,21.9,1,0,0,0,0,1,0
2016.8.15,75,1320.7733,2016,8,15,2.91,0,0,0,84.5,92,77,290,290,8.9,14.1,0,0,0,0,0,0,0
2016.8.16,32,1218.4688,2016,8,16,4.03,0.11,0,0,82.5,87,78,230,250,13,23.9,1,0,0,0,0,1,0
2016.8.17,89,2646.5618,2016,8,17,5.37,0.01,0,0,81,85,77,240,250,17,33.1,0,0,0,0,0,0,0
2016.8.18,82,3004.2561,2016,8,18,1.57,0.03,0,0,78.5,85,72,50,40,8.9,13,1,0,0,0,0,0,0
2016.8.19,64,2885.4844,2016,8,19,2.24,0.01,0,0,81,88,74,40,20,12.1,16.1,1,0,0,0,0,0,0
2016.8.20,146,2241.2192,2016,8,20,4.7,0.82,0,0,76.5,83,70,160,160,16.1,23,1,1,0,0,0,1,0
2016.8.21,88,2964.2614,2016,8,21,4.25,0.31,0,0,79.5,86,73,200,180,12.1,21,1,0,0,0,0,1,0
2016.8.22,61,2452.7213,2016,8,22,5.82,0,0,0,72,79,65,310,300,14.1,29.1,0,0,0,0,0,0,0
2016.8.23,31,1598.3226,2016,8,23,1.79,0,0,0,71.5,82,61,290,250,8.9,17,0,0,0,0,0,0,0
2016.8.24,91,1495.044,2016,8,24,0,0,0,0,78,88,68,280,0,6,0,0,0,0,0,0,0,0
2016.8.25,69,2510.5942,2016,8,25,0,0.01,0,0,77.5,86,69,0,0,0,0,0,0,0,0,0,0,0
2016.8.26,86,15947.6977,2016,8,26,0,0,0,0,82.5,90,75,0,0,0,0,0,0,0,0,0,0,0
2016.8.27,283,2867.2615,2016,8,27,2.68,0,0,0,81,89,73,180,170,10.1,17,0,0,0,0,0,0,0
2016.8.28,364,1823.2005,2016,8,28,2.46,0,0,0,80.5,89,72,99,0,6.9,0,0,0,0,0,0,0,0
2016.8.29,38,1835.9211,2016,8,29,5.37,0,0,0,82.5,91,74,50,10,10.1,19,0,0,0,0,0,0,0
2016.8.30,77,2457.2727,2016,8,30,3.13,0,0,0,77.5,86,69,60,70,12.1,16.1,0,0,0,0,0,0,0
2016.8.31,48,1710.2708,2016,8,31,3.36,0,0,0,81.5,89,74,230,240,8.9,17,0,0,0,0,0,1,0
2016.9.1,30,1134.4333,2016,9,1,1.79,0.5,0,0,74,79,69,350,340,10.1,16.1,1,0,0,0,0,1,0
2016.9.2,65,2945.3846,2016,9,2,6.04,0,0,0,73.5,81,66,50,30,13,18.1,0,0,0,0,0,0,0
2016.9.3,194,4085.4536,2016,9,3,6.71,0,0,0,70.5,75,66,60,50,15,23.9,0,0,0,0,0,0,0
2016.9.4,256,5132.8711,2016,9,4,6.71,0,0,0,72.5,80,65,60,50,15,21,0,0,0,0,0,0,0
2016.9.5,238,2250.1975,2016,9,5,7.61,0,0,0,74.5,84,65,30,20,16.1,27.1,0,0,0,0,0,0,0
2016.9.6,32,6744.8438,2016,9,6,9.62,0,0,0,75.5,80,71,60,60,18.1,30,1,0,0,0,0,1,0
2016.9.7,48,932.375,2016,9,7,6.49,0,0,0,78,85,71,70,30,14.1,21.9,1,0,0,0,0,1,0
2016.9.8,49,974.2245,2016,9,8,2.68,0,0,0,80,89,71,260,250,10.1,19,1,0,0,0,0,1,0
2016.9.9,48,4292.1667,2016,9,9,3.8,0.22,0,0,83,91,75,280,280,10.1,17,1,0,0,0,0,1,0
2016.9.10,91,2994.044,2016,9,10,4.03,0,0,0,82,90,74,220,210,10.1,21,1,0,0,0,0,1,0
2016.9.11,134,4186.6716,2016,9,11,5.82,0,0,0,75,83,67,310,280,16.1,28,0,0,0,0,0,0,0
2016.9.12,27,2557.9259,2016,9,12,4.25,0,0,0,70,78,62,60,200,8.9,16.1,0,0,0,0,0,0,0
2016.9.13,18,1120.5,2016,9,13,4.03,0,0,0,73.5,83,64,220,240,13,23,0,0,0,0,0,0,0
2016.9.14,15,1434.6,2016,9,14,4.92,0.56,0,0,79,91,67,50,280,15,28,1,0,0,0,0,1,0
2016.9.15,21,1085.2381,2016,9,15,4.92,0,0,0,67.5,74,61,60,40,15,23.9,0,0,0,0,0,0,0
2016.9.16,23,1171.087,2016,9,16,2.68,0,0,0,67,73,61,160,160,8.9,17,0,0,0,0,0,0,0
2016.9.17,124,2614.5242,2016,9,17,3.36,0,0,0,68,77,59,160,200,10.1,19,0,0,0,0,0,0,0
2016.9.18,135,2872.6815,2016,9,18,3.58,0,0,0,76,82,70,250,200,12.1,18.1,0,0,0,0,0,0,0
2016.9.19,6,460,2016,9,19,2.46,0.68,0,0,72.5,76,69,280,200,12.1,18.1,1,0,0,0,0,0,0
2016.9.20,17,2999.9412,2016,9,20,2.24,0,0,0,75,82,68,60,360,8.9,12.1,1,0,0,0,0,0,0
2016.9.21,15,5824.8,2016,9,21,3.8,0,0,0,76,84,68,30,30,12.1,17,1,0,0,0,0,0,0
2016.9.22,11,3092.4545,2016,9,22,2.46,0,0,0,75.5,86,65,160,180,8.1,14.1,0,0,0,0,0,0,0
2016.9.23,41,2624.5122,2016,9,23,1.79,0.01,0,0,75.5,87,64,40,40,12.1,17,1,0,0,0,0,0,0
2016.9.24,116,2987.4655,2016,9,24,5.14,0.2,0,0,64.5,71,58,60,50,14.1,23,1,0,0,0,0,0,0
2016.9.25,176,2461.2045,2016,9,25,2.91,0,0,0,62,70,54,50,60,10.1,15,0,0,0,0,0,0,0
2016.9.26,21,1571.4286,2016,9,26,4.47,0,0,0,64,74,54,160,170,12.1,19.9,0,0,0,0,0,0,0
2016.9.27,39,3992.7436,2016,9,27,3.13,0.22,0,0,69,74,64,260,250,10.1,18.1,1,0,0,0,0,0,0
2016.9.28,38,1552,2016,9,28,8.05,0,0,0,62.5,69,56,60,70,18.1,27.1,1,0,0,0,0,1,0
2016.9.29,21,2306.9048,2016,9,29,11.18,0,0,0,60.5,64,57,70,90,21,31.1,1,0,0,0,0,0,0
2016.9.30,8,660,2016,9,30,9.62,0.4,0,0,57.5,59,56,80,60,16.1,28,1,0,0,0,0,1,0
2016.10.1,45,23703.8444,2016,10,1,7.61,0,0,0,59,62,56,70,50,16.1,23,1,0,0,0,0,0,0
2016.10.2,45,2011.5556,2016,10,2,2.68,0,0,0,60,63,57,80,40,8.9,12.1,1,0,0,0,0,1,0
2016.10.3,29,2472.0345,2016,10,3,2.24,0,0,0,66,72,60,60,290,6.9,11,1,0,0,0,0,1,0
2016.10.4,46,1319.6087,2016,10,4,7.61,0,0,0,64.5,69,60,70,60,15,23,0,0,0,0,0,0,0
2016.10.5,31,2623.2903,2016,10,5,4.7,0,0,0,60,67,53,60,60,13,17,0,0,0,0,0,0,0
2016.10.6,18,1421.6111,2016,10,6,2.01,0,0,0,64,73,55,160,170,6.9,13,1,0,0,0,0,0,0
2016.10.7,54,1430.8889,2016,10,7,2.46,0,0,0,66,75,57,160,180,8.9,16.1,1,0,0,0,0,1,0
2016.10.8,45,9059.6889,2016,10,8,2.01,0.23,0,0,63,68,58,300,300,8.1,11,1,0,0,0,0,0,0
2016.10.9,19,11458.1579,2016,10,9,7.38,0.55,0,0,58,65,51,30,30,16.1,28,1,0,0,0,0,0,0
2016.10.10,64,1308.8281,2016,10,10,4.7,0,0,0,55.5,64,47,350,360,15,23,0,0,0,0,0,0,0
2016.10.11,29,1885.1379,2016,10,11,3.58,0,0,0,54.5,63,46,60,60,8.9,15,0,0,0,0,0,0,0
2016.10.12,21,1344.8095,2016,10,12,1.12,0,0,0,59.5,66,53,170,170,8.1,13,0,0,0,0,0,0,0
2016.10.13,25,724.04,2016,10,13,2.91,0,0,0,60,67,53,340,0,12.1,0,1,0,0,0,0,0,0
2016.10.14,11,1384.3636,2016,10,14,4.7,0,0,0,54.5,62,47,50,350,12.1,19,0,0,0,0,0,0,0
2016.10.15,85,3294.5059,2016,10,15,3.13,0,0,0,55,65,45,160,160,8.9,14.1,0,0,0,0,0,0,0
2016.10.16,73,2016.5616,2016,10,16,4.03,0,0,0,61,69,53,250,240,10.1,19,0,0,0,0,0,0,0
2016.10.17,62,2807.6613,2016,10,17,2.68,0,0,0,72,81,63,280,210,8.1,14.1,0,0,0,0,0,1,0
2016.10.18,22,1676.5909,2016,10,18,4.03,0,0,0,74,81,67,230,230,14.1,23,0,0,0,0,0,1,0
2016.10.19,27,3852.037,2016,10,19,4.47,0,0,0,75,85,65,250,240,13,21,0,0,0,0,0,0,0
2016.10.20,28,1372.7143,2016,10,20,6.26,0,0,0,66,70,62,110,110,12.1,17,1,0,0,0,0,1,0
2016.10.21,18,819.3333,2016,10,21,2.24,1.11,0,0,63,69,57,300,310,12.1,17,1,0,0,0,0,0,0
2016.10.22,11,2217.5455,2016,10,22,10.51,0.29,0,0,52,57,47,280,280,19.9,35.1,1,0,0,0,0,0,0
2016.10.23,56,2223.8036,2016,10,23,8.5,0,0,0,53,61,45,290,290,21.9,36,0,0,0,0,0,0,0
2016.10.24,31,1171.5806,2016,10,24,6.04,0,0,0,54.5,62,47,300,310,16.1,30,0,0,0,0,0,1,0
2016.10.25,9,1823.7778,2016,10,25,6.49,0,0,0,47.5,52,43,310,310,16.1,27.1,0,0,0,0,0,0,0
2016.10.26,17,1257.1176,2016,10,26,4.03,0,0,0,44.5,51,38,310,320,13,19,0,0,0,0,0,0,0
2016.10.27,2,28022,2016,10,27,5.14,1.41,0,0,47.5,55,40,110,120,13,21,1,0,0,0,0,0,0
2016.10.28,16,1654.0625,2016,10,28,8.28,0,0,0,46.5,51,42,300,310,19.9,35.1,1,0,0,0,0,0,0
2016.10.29,64,1754.5938,2016,10,29,4.25,0,0,0,51.5,64,39,250,270,14.1,21.9,0,0,0,0,0,0,0
2016.10.30,101,3072.8713,2016,10,30,3.8,0.56,0,0,65,76,54,10,20,18.1,36.9,1,0,0,0,0,0,0
2016.10.31,22,981.0455,2016,10,31,4.92,0,0,0,49,54,44,10,310,12.1,23,0,0,0,0,0,0,0
2016.11.1,17,1784.8235,2016,11,1,3.13,0,0,0,49,58,40,150,170,10.1,17,0,0,0,0,0,0,0
2016.11.2,11,1403.9091,2016,11,2,3.13,0,0,0,62,70,54,270,250,10.1,17,0,0,0,0,0,0,0
2016.11.3,21,2625.8571,2016,11,3,5.14,0,0,0,64.5,72,57,250,250,15,27.1,0,0,0,0,0,1,0
2016.11.4,32,3228.7188,2016,11,4,4.7,0,0,0,54,61,47,300,310,12.1,18.1,0,0,0,0,0,0,0
2016.11.5,69,3789.7101,2016,11,5,3.13,0,0,0,53,62,44,300,310,13,19.9,0,0,0,0,0,0,0
2016.11.6,86,1372.3372,2016,11,6,7.61,0,0,0,52,59,45,20,20,16.1,25.9,0,0,0,0,0,0,0
2016.11.7,9,696.5556,2016,11,7,5.37,0,0,0,47,53,41,70,40,14.1,19.9,0,0,0,0,0,0,0
2016.11.8,16,1646.9375,2016,11,8,2.46,0,0,0,53.5,66,41,260,260,8.1,13,0,0,0,0,0,0,0
2016.11.9,13,652.6154,2016,11,9,3.58,0.06,0,0,54,59,49,30,30,14.1,23,1,0,0,0,0,1,0
2016.11.10,6,1810.8333,2016,11,10,5.82,0,0,0,48,56,40,260,260,14.1,28,0,0,0,0,0,0,0
2016.11.11,8,635.875,2016,11,11,8.28,0,0,0,52,63,41,310,300,18.1,35.1,0,0,0,0,0,0,0
2016.11.12,25,1759.64,2016,11,12,5.37,0,0,0,43.5,50,37,340,360,12.1,19.9,0,0,0,0,0,0,0
2016.11.13,38,5618.9737,2016,11,13,5.37,0,0,0,51,61,41,240,250,13,19,0,0,0,0,0,0,0
2016.11.14,11,1333.6364,2016,11,14,3.58,0,0,0,54,62,46,270,260,13,19.9,0,0,0,0,0,1,0
2016.11.15,10,1201,2016,11,15,5.59,1.81,0,0,51.5,56,47,30,20,17,29.1,1,1,0,0,0,0,0
2016.11.16,15,1487.9333,2016,11,16,4.03,0,0,0,53,61,45,240,270,10.1,17,0,0,0,0,0,0,0
2016.11.17,21,2150.0476,2016,11,17,4.25,0,0,0,55,61,49,10,350,13,19.9,0,0,0,0,0,0,0
2016.11.18,17,1452.5882,2016,11,18,2.46,0,0,0,54,64,44,310,360,8.1,13,0,0,0,0,0,0,0
2016.11.19,65,4711.2769,2016,11,19,4.92,0.25,0,0,50,63,37,280,300,18.1,32,1,0,0,0,0,0,0
2016.11.20,8,1287.5,2016,11,20,10.29,0.31,0,0,38,42,34,280,280,25.1,38.9,1,0,0,0,0,0,0
2016.11.21,1,322,2016,11,21,13.2,0,0,0,38.5,41,36,280,290,21.9,38.9,0,0,0,0,0,0,0
2016.11.23,15,2139.8667,2016,11,23,4.92,0,0,0,40,45,35,300,290,12.1,19.9,0,0,0,0,0,0,0
2016.11.24,1,950,2016,11,24,4.47,0.03,0,0,43,48,38,80,120,8.9,14.1,1,0,0,0,0,0,0
2016.11.25,13,3051.0769,2016,11,25,2.01,0.02,0,0,49.5,54,45,280,270,8.9,13,1,0,0,0,0,1,0
2016.11.26,49,1775.4286,2016,11,26,4.47,0,0,0,45,50,40,310,300,14.1,21,1,0,0,0,0,1,0
2016.11.27,40,3754.75,2016,11,27,4.7,0,0,0,44.5,50,39,310,320,15,23.9,0,0,0,0,0,0,0
2016.11.28,12,924.8333,2016,11,28,3.36,0,0,0,45,52,38,210,200,10.1,17,0,0,0,0,0,0,0
2016.11.29,5,313.8,2016,11,29,4.92,2.2,0,0,55.5,60,51,180,160,13,25.9,1,0,0,0,0,0,0
2016.11.30,6,352.3333,2016,11,30,6.26,0.73,0,0,54,58,50,80,80,18.1,25.1,1,0,0,0,0,1,0
2016.12.1,11,621.7273,2016,12,1,7.61,0.07,0,0,48,54,42,280,290,19.9,33.1,1,0,0,0,0,0,0
2016.12.2,8,1789,2016,12,2,8.72,0,0,0,45.5,51,40,290,290,17,28,0,0,0,0,0,0,0
2016.12.3,23,1739.3043,2016,12,3,8.72,0,0,0,44,47,41,310,300,17,33.1,0,0,0,0,0,0,0
2016.12.4,19,16466.4211,2016,12,4,4.92,0,0,0,43,47,39,20,310,12.1,19.9,0,0,0,0,0,0,0
2016.12.5,5,1036.8,2016,12,5,5.59,0.19,0,0,43.5,49,38,290,260,15,23.9,1,0,0,0,0,0,0
2016.12.6,6,1059.6667,2016,12,6,5.37,0.35,0,0,41.5,46,37,60,70,15,21.9,1,0,0,0,0,0,0
2016.12.7,10,1358.1,2016,12,7,3.8,0.09,0,0,43,46,40,70,80,15,21,1,0,0,0,0,1,0
2016.12.8,1,383,2016,12,8,0,0,0,0,40,45,35,0,0,0,0,0,0,0,0,0,0,0
2016.12.10,8,514.25,2016,12,10,6.04,0,0,0,31.5,35,28,300,290,14.1,19.9,0,0,0,0,0,0,0
2016.12.11,1,1290,2016,12,11,4.03,0.03,0.4,0,31.5,35,28,260,260,12.1,16.1,1,0,0,0,0,1,0
2016.12.13,8,4599.125,2016,12,13,4.03,0,0,0,39,43,35,250,270,13,19,0,0,0,0,0,0,0
2016.12.14,6,847.1667,2016,12,14,5.59,0,0,0,38,42,34,290,280,14.1,23,0,0,0,0,0,0,0
2016.12.15,3,8474,2016,12,15,10.96,0,0,0,26.5,34,19,310,290,25.1,40,0,0,0,0,0,1,0
2016.12.16,6,792.3333,2016,12,16,6.04,0,0,0,22,27,17,280,300,15,25.1,0,0,0,0,0,0,0
2016.12.17,2,729,2016,12,17,4.25,0.73,2.8,2,31.5,39,24,240,240,15,25.9,1,0,0,0,1,1,0
2016.12.18,4,428.5,2016,12,18,7.38,0.04,0,1.2,44.5,58,31,300,310,18.1,31.1,1,1,0,0,0,0,0
2016.12.19,1,33732,2016,12,19,6.71,0,0,0,27,31,23,340,50,14.1,19.9,0,0,0,0,0,0,0
2016.12.20,5,761,2016,12,20,3.13,0,0,0,26.5,33,20,250,250,15,21.9,0,0,0,0,0,0,0
2016.12.21,1,641,2016,12,21,2.91,0,0,0,35,40,30,240,250,13,19,0,0,0,0,0,0,0
2016.12.22,11,34291,2016,12,22,6.26,0,0,0,43,49,37,290,300,16.1,27.1,0,0,0,0,0,0,0
2016.12.23,15,2091.7333,2016,12,23,6.49,0,0,0,42.5,47,38,250,260,15,21.9,0,0,0,0,0,0,0
2016.12.24,8,1213.5,2016,12,24,4.92,0.47,0,0,42.5,47,38,240,250,15,21.9,1,0,0,0,0,0,0
2016.12.25,34,2317.6176,2016,12,25,6.26,0,0,0,43,50,36,70,300,14.1,19.9,0,0,0,0,0,0,0
2016.12.26,12,2509,2016,12,26,6.49,0.02,0,0,41.5,50,33,90,270,14.1,23.9,1,0,0,0,0,1,0
2016.12.27,13,1207.3077,2016,12,27,7.16,0,0,0,50,60,40,280,260,19.9,33.1,1,0,0,0,0,0,0
2016.12.28,10,983,2016,12,28,5.14,0,0,0,37,40,34,310,300,14.1,21,0,0,0,0,0,0,0
2016.12.29,3,927.6667,2016,12,29,5.37,0.39,0,0,39.5,46,33,270,170,15,25.1,1,0,0,0,0,0,0
2016.12.30,3,1210.3333,2016,12,30,9.4,0.01,0,0,36.5,40,33,290,280,18.1,29.1,1,0,0,0,0,0,0
2016.12.31,8,13959.75,2016,12,31,6.93,0,0,0,37.5,44,31,250,210,15,25.1,0,0,0,0,0,0,0
2017.1.1,2,17158.5,2017,1,1,5.59,0,0,0,44,48,40,260,310,15,23,0,0,0,0,0,1,0
2017.1.3,5,2639,2017,1,3,10.74,0.58,0,0,41,43,39,70,60,21,30,1,0,0,0,0,0,0
2017.1.4,8,1022.625,2017,1,4,8.05,0,0,0,43,52,34,280,290,23.9,36,1,0,0,0,0,1,0
2017.1.5,4,1265,2017,1,5,7.83,0,0,0,30.5,34,27,250,290,17,27.1,0,0,0,0,0,0,0
2017.1.6,11,1164,2017,1,6,4.7,0.05,1.2,1.2,29,33,25,360,20,10.1,16.1,1,0,0,0,0,1,0
2017.1.10,2,456.5,2017,1,10,4.7,0,0,3.1,33.5,46,21,180,170,14.1,23.9,0,0,0,0,0,0,0
2017.1.11,3,355.6667,2017,1,11,5.82,0.52,0,0,47,52,42,250,240,16.1,33.1,1,0,0,0,0,0,0
2017.1.12,3,314,2017,1,12,7.61,0.05,0,0,56.5,66,47,250,250,16.1,23.9,1,0,0,0,0,0,0
2017.1.13,3,569.6667,2017,1,13,7.16,0,0,0,47,62,32,300,300,17,28,0,0,0,0,0,0,0
2017.1.14,4,6375.5,2017,1,14,4.25,0.12,0.6,0,31,34,28,280,60,8.9,12.1,1,1,0,0,0,0,0
2017.1.15,1,1167,2017,1,15,4.25,0,0,1.2,34,38,30,310,300,10.1,15,0,0,0,0,0,0,0
2017.1.16,8,2443.75,2017,1,16,4.7,0,0,0,36.5,43,30,250,250,13,19,0,0,0,0,0,0,0
2017.1.18,4,877.75,2017,1,18,5.82,0.06,0,0,39.5,41,38,60,60,14.1,19,1,0,0,0,0,0,0
2017.1.19,5,1120.8,2017,1,19,3.58,0,0,0,44,49,39,320,310,12.1,19,0,0,0,0,0,0,0
2017.1.20,5,5548.2,2017,1,20,4.03,0.1,0,0,42.5,45,40,60,110,10.1,14.1,1,0,0,0,0,0,0
2017.1.21,3,1602.6667,2017,1,21,3.8,0,0,0,45,49,41,270,270,12.1,18.1,1,0,0,0,0,1,0
2017.1.22,1,1210,2017,1,22,6.71,0.05,0,0,45.5,48,43,60,50,21,33.1,1,1,0,0,0,1,0
2017.1.25,10,7589.3,2017,1,25,6.71,0,0,0,43.5,51,36,310,280,18.1,25.9,0,0,0,0,0,0,0
2017.1.26,3,726,2017,1,26,6.71,0.02,0,0,49.5,56,43,290,270,21,38,0,0,0,0,0,0,0
2017.1.27,1,4680,2017,1,27,8.95,0,0,0,39.5,43,36,290,260,18.1,33.1,0,0,0,0,0,0,0
2017.1.28,2,474,2017,1,28,7.83,0,0,0,36.5,39,34,270,260,16.1,27.1,0,0,0,0,0,0,0
2017.1.29,7,1400.4286,2017,1,29,5.82,0,0,0,39,43,35,260,260,15,23.9,0,0,0,0,0,0,0
2017.1.30,3,269,2017,1,30,6.26,0,0,0,33.5,37,30,310,330,15,21.9,0,0,0,0,0,0,0
2017.1.31,1,1155,2017,1,31,4.03,0.06,1,0,30,34,26,80,80,12.1,15,1,1,0,0,0,1,0
2017.2.1,5,1141.8,2017,2,1,5.82,0,0,0,40,47,33,260,250,16.1,25.9,0,0,0,0,0,0,0
2017.2.2,3,277.6667,2017,2,2,5.37,0,0,0,38.5,45,32,280,300,16.1,28,0,0,0,0,0,0,0
2017.2.3,5,1625,2017,2,3,6.71,0,0,0,29.5,33,26,310,310,17,29.1,0,0,0,0,0,0,0
2017.2.4,1,1245,2017,2,4,8.5,0,0,0,28,34,22,310,310,16.1,25.9,0,0,0,0,0,0,0
2017.2.5,6,1487,2017,2,5,7.16,0,0,0,37,43,31,230,240,16.1,28,0,0,0,0,0,0,0
2017.2.6,11,1535,2017,2,6,5.14,0,0,0,42.5,49,36,170,270,13,19.9,0,0,0,0,0,0,0
2017.2.7,1,787,2017,2,7,6.71,0.27,0,0,39,42,36,60,70,15,21,1,0,0,0,0,1,0
2017.2.8,14,1386.8571,2017,2,8,4.7,0.03,0,0,50,62,38,360,30,13,17,1,0,0,0,0,1,0
2017.2.13,1,404,2017,2,13,12.3,0.02,0,2,35,39,31,310,310,28,48.1,1,0,0,0,0,0,0
2017.2.14,2,1404,2017,2,14,5.37,0,0,2,34.5,41,28,250,310,13,19.9,0,0,0,0,0,0,0
2017.2.15,8,1036.875,2017,2,15,6.49,0,0,0,41,47,35,280,280,18.1,29.1,0,0,0,0,0,0,0
2017.2.17,6,960.6667,2017,2,17,8.5,0,0,0,33.5,41,26,290,290,16.1,28,0,0,0,0,0,0,0
2017.2.18,79,3274.2278,2017,2,18,5.82,0,0,0,49,63,35,250,240,16.1,28,0,0,0,0,0,0,0
2017.2.19,150,2753.34,2017,2,19,5.59,0,0,0,59,65,53,270,330,14.1,21.9,0,0,0,0,0,0,0
2017.2.20,56,2965.4107,2017,2,20,7.38,0,0,0,47,55,39,60,40,18.1,25.1,0,0,0,0,0,0,0
2017.2.21,1,191,2017,2,21,5.82,0,0,0,40.5,47,34,170,240,14.1,21.9,0,0,0,0,0,0,0
2017.2.22,11,563.9091,2017,2,22,2.91,0,0,0,49.5,57,42,240,210,12.1,17,0,0,0,0,0,0,0
2017.2.23,11,1039.3636,2017,2,23,3.58,0,0,0,54.5,65,44,240,240,13,19.9,1,0,0,0,0,1,0
2017.2.24,26,3695.5,2017,2,24,6.04,0,0,0,64,70,58,150,170,14.1,21,0,0,0,0,0,0,0
2017.2.25,65,3908.0308,2017,2,25,6.71,0.54,0,0,53.5,63,44,190,200,19.9,28,1,0,0,0,0,0,0
2017.2.26,31,1992,2017,2,26,8.95,0,0,0,40,44,36,310,300,18.1,29.1,0,0,0,0,0,0,0
2017.2.27,19,2572.3684,2017,2,27,5.59,0,0,0,44.5,54,35,250,250,16.1,25.9,0,0,0,0,0,0,0
2017.2.28,10,1146.1,2017,2,28,4.03,0,0,0,53,59,47,160,160,10.1,19,0,0,0,0,0,0,0
2017.3.1,4,5844.25,2017,3,1,6.04,0.12,0,0,62,70,54,250,260,16.1,31.1,1,0,0,0,0,1,0
2017.3.2,1,1662,2017,3,2,11.41,0,0,0,49.5,64,35,270,290,25.9,47,0,0,0,0,0,0,0
2017.3.3,10,40833,2017,3,3,8.28,0,0,0,31.5,39,24,310,300,18.1,35.1,0,0,0,0,0,0,0
2017.3.4,3,914,2017,3,4,8.95,0,0,0,23.5,30,17,310,260,19.9,34,0,0,0,0,0,0,0
2017.3.5,6,1202.1667,2017,3,5,5.37,0,0,0,25.5,37,14,350,300,14.1,23,0,0,0,0,0,0,0
2017.3.6,12,2847.75,2017,3,6,3.36,0,0,0,35.5,45,26,180,180,10.1,16.1,0,0,0,0,0,0,0
2017.3.7,12,1008.0833,2017,3,7,4.25,0.1,0,0,49,56,42,160,160,13,19.9,1,0,0,0,0,0,0
2017.3.8,16,2520.0625,2017,3,8,7.61,0.02,0,0,53,59,47,250,270,17,31.1,1,0,0,0,0,0,0
2017.3.9,23,1012.3913,2017,3,9,8.72,0,0,0,54,61,47,280,270,23,38.9,0,0,0,0,0,0,0
2017.3.11,1,420,2017,3,11,9.62,0,0,1.2,23,29,17,290,330,18.1,32,0,0,0,0,0,0,0
2017.3.12,1,1264,2017,3,12,8.95,0,0,0,24,29,19,280,300,17,25.1,0,0,0,0,0,0,0
2017.3.13,4,4366,2017,3,13,4.47,0,0,0,28,36,20,170,180,14.1,21.9,0,0,0,0,0,0,0
2017.3.20,7,2566.1429,2017,3,20,5.14,0,0,0,42.5,52,33,40,40,14.1,21.9,0,0,0,0,0,0,0
2017.3.21,13,4368.3846,2017,3,21,4.03,0,0,0,50.5,59,42,270,270,13,18.1,0,0,0,0,0,0,0
2017.3.23,10,1346.8,2017,3,23,4.92,0,0,0,32.5,42,23,310,310,13,17,0,0,0,0,0,0,0
2017.3.24,9,45511.4444,2017,3,24,6.26,0,0,0,46.5,57,36,250,240,15,23,0,0,0,0,0,0,0
2017.3.25,70,4114.3286,2017,3,25,6.71,0.01,0,0,52,62,42,30,260,16.1,23.9,1,0,0,0,0,0,0
2017.3.26,11,1424.0909,2017,3,26,8.28,0.14,0,0,39.5,42,37,70,70,18.1,23.9,1,0,0,0,0,0,0
2017.3.27,2,1115.5,2017,3,27,4.25,0.26,0,0,45,53,37,60,50,12.1,17,1,0,0,0,0,1,0
2017.3.28,3,514,2017,3,28,5.82,0.72,0,0,43.5,46,41,70,60,14.1,21,1,0,0,0,0,0,0
2017.3.29,7,9300.5714,2017,3,29,7.83,0,0,0,51,60,42,30,40,18.1,27.1,1,0,0,0,0,0,0
2017.3.30,1,572,2017,3,30,5.82,0.01,0,0,45,52,38,60,60,15,19.9,0,0,0,0,0,0,0
2017.4.1,7,94244,2017,4,1,7.61,0,0,0,42.5,48,37,70,60,25.9,38.9,1,0,0,0,0,0,0
2017.4.2,97,2594.5773,2017,4,2,5.37,0,0,0,51.5,63,40,290,310,14.1,23.9,0,0,0,0,0,0,0
2017.4.3,21,35567.2381,2017,4,3,4.92,0.03,0,0,55.5,63,48,170,180,18.1,23.9,0,0,0,0,0,0,0
2017.4.4,10,1354.2,2017,4,4,6.93,1.18,0,0,48,51,45,80,90,18.1,25.1,1,0,0,0,0,0,0
2017.4.5,16,2705.75,2017,4,5,3.36,0,0,0,55,65,45,120,170,14.1,25.1,1,0,0,0,0,1,0
2017.4.6,8,6312.25,2017,4,6,9.17,0.73,0,0,46.5,53,40,60,70,21.9,30,1,0,0,0,0,0,0
2017.4.7,7,2280.4286,2017,4,7,10.51,0,0,0,45.5,51,40,290,290,17,30,0,0,0,0,0,0,0
2017.4.8,38,1590.8684,2017,4,8,8.28,0,0,0,48.5,57,40,310,300,17,28,0,0,0,0,0,0,0
2017.4.9,184,3166.538,2017,4,9,4.92,0,0,0,56,67,45,240,240,13,23,0,0,0,0,0,0,0
2017.4.10,36,4059.9722,2017,4,10,6.04,0,0,0,63.5,74,53,160,230,13,19.9,0,0,0,0,0,0,0
2017.4.11,66,2427.3182,2017,4,11,5.59,0,0,0,70.5,80,61,260,240,14.1,23,0,0,0,0,0,0,0
2017.4.12,19,1203.0526,2017,4,12,2.91,0.02,0,0,67,76,58,40,300,10.1,21,0,0,0,0,0,0,0
2017.4.13,11,1545.8182,2017,4,13,5.14,0,0,0,56.5,65,48,350,310,14.1,23,0,0,0,0,0,0,0
2017.4.14,58,2447.4483,2017,4,14,3.8,0,0,0,57,66,48,180,180,10.1,18.1,0,0,0,0,0,0,0
2017.4.15,104,2826.0288,2017,4,15,5.59,0,0,0,58,65,51,180,240,12.1,19,0,0,0,0,0,0,0
2017.4.16,330,2419.7545,2017,4,16,7.38,0,0,0,73,87,59,310,310,21,36.9,0,0,0,0,0,0,0
2017.4.17,64,1400.1094,2017,4,17,6.71,0,0,0,66,74,58,360,340,14.1,23.9,0,0,0,0,0,0,0
2017.4.18,32,4635.375,2017,4,18,6.93,0,0,0,56,65,47,170,170,15,23.9,0,0,0,0,0,0,0
2017.4.19,18,2290.1111,2017,4,19,5.59,0,0,0,49.5,54,45,180,160,16.1,23,0,0,0,0,0,0,0
2017.4.20,16,2467.875,2017,4,20,4.03,0.17,0,0,58,66,50,140,150,13,19.9,1,0,0,0,0,1,0
2017.4.21,13,4473.7692,2017,4,21,7.38,0.29,0,0,50.5,53,48,70,50,14.1,19,1,0,0,0,0,0,0
2017.4.22,158,15728.962,2017,4,22,3.58,0.11,0,0,53,57,49,20,310,10.1,16.1,1,0,0,0,0,0,0
2017.4.23,94,3403.117,2017,4,23,4.92,0,0,0,56,66,46,160,20,12.1,17,0,0,0,0,0,0,0
2017.4.24,32,1277.8438,2017,4,24,3.58,0,0,0,54,60,48,60,60,10.1,14.1,0,0,0,0,0,0,0
2017.4.25,1,1380,2017,4,25,13.2,0.91,0,0,51.5,54,49,70,60,25.1,38.9,1,0,0,0,0,0,0
2017.4.26,5,1647.6,2017,4,26,4.92,0.34,0,0,56.5,60,53,70,60,18.1,23.9,1,0,0,0,0,0,0
2017.4.27,17,1818.1765,2017,4,27,2.91,0,0,0,63.5,70,57,160,160,16.1,21.9,1,0,0,0,0,1,0
2017.4.28,62,2033.9677,2017,4,28,3.13,0,0,0,71.5,85,58,210,190,12.1,19,1,0,0,0,0,1,0
2017.4.29,192,3562.1146,2017,4,29,5.14,0.06,0,0,74.5,85,64,280,290,23,36.9,1,0,0,0,0,0,0
2017.4.30,113,2211.0354,2017,4,30,6.71,0,0,0,59.5,67,52,80,150,14.1,21.9,0,0,0,0,0,0,0
2017.5.1,43,42806.8837,2017,5,1,5.14,0,0,0,61.5,74,49,180,180,12.1,21,1,0,0,0,0,1,0
2017.5.2,39,2251.4359,2017,5,2,7.83,0,0,0,68.5,75,62,270,240,19.9,32,1,0,0,0,0,0,0
2017.5.3,51,1612.0392,2017,5,3,8.28,0,0,0,58,65,51,310,310,18.1,31.1,0,0,0,0,0,0,0
2017.5.4,45,25687.1333,2017,5,4,5.37,0,0,0,55.5,64,47,170,160,13,21.9,0,0,0,0,0,0,0
2017.5.5,16,7933.1875,2017,5,5,6.49,3.02,0,0,55,59,51,70,50,16.1,23,1,1,0,0,0,0,0
2017.5.6,90,3074.2556,2017,5,6,6.04,0.18,0,0,59.5,67,52,180,170,15,25.9,1,0,0,0,0,0,0
2017.5.7,63,3499.1905,2017,5,7,5.59,0.01,0,0,51.5,56,47,280,270,14.1,21.9,0,0,0,0,0,0,0
2017.5.8,16,1435.125,2017,5,8,5.82,0,0,0,50.5,57,44,290,290,15,25.9,0,0,0,0,0,0,0
2017.5.9,27,7554.2593,2017,5,9,4.47,0,0,0,55,63,47,50,60,12.1,17,0,0,0,0,0,0,0
2017.5.10,33,2443.4242,2017,5,10,3.36,0,0,0,56,63,49,330,0,6.9,0,0,0,0,0,0,0,0
2017.5.11,34,1308.7647,2017,5,11,3.58,0,0,0,56.5,62,51,170,0,6.9,0,0,0,0,0,0,0,0
2017.5.12,29,2664.1724,2017,5,12,4.03,0,0,0,56.5,65,48,80,160,12.1,17,0,0,0,0,0,0,0
2017.5.13,5,1139.6,2017,5,13,7.61,1.61,0,0,49,53,45,50,50,18.1,31.1,1,0,0,0,0,0,0
2017.5.14,91,2424.2308,2017,5,14,5.37,0.02,0,0,56.5,67,46,310,290,15,30,0,0,0,0,0,0,0
2017.5.15,33,2137.7273,2017,5,15,8.95,0,0,0,60.5,68,53,300,310,18.1,34,0,0,0,0,0,0,0
2017.5.16,60,1661.9167,2017,5,16,4.25,0,0,0,67.5,79,56,300,290,12.1,18.1,0,0,0,0,0,1,0
2017.5.17,49,1346.6735,2017,5,17,5.59,0,0,0,77.5,90,65,250,240,12.1,23,0,0,0,0,0,0,0
2017.5.18,46,1758.2826,2017,5,18,5.59,0,0,0,83.5,92,75,250,200,14.1,23,0,0,0,0,0,0,0
2017.5.19,74,3311.5811,2017,5,19,6.26,0,0,0,78.5,91,66,40,40,16.1,25.1,0,0,0,0,0,0,0
2017.5.20,102,4938.3529,2017,5,20,4.03,0.01,0,0,60,65,55,60,60,16.1,23,0,0,0,0,0,1,0
2017.5.21,149,4716.3423,2017,5,21,4.03,0,0,0,60.5,69,52,170,170,12.1,19,0,0,0,0,0,0,0
2017.5.22,7,771.7143,2017,5,22,2.68,0.59,0,0,57,61,53,140,140,10.1,16.1,1,0,0,0,0,0,0
2017.5.23,60,1334.2333,2017,5,23,2.24,0,0,0,62.5,69,56,20,20,10.1,15,1,0,0,0,0,0,0
2017.5.24,19,2698.4211,2017,5,24,4.92,0.04,0,0,62.5,69,56,60,80,14.1,19,1,0,0,0,0,0,0
2017.5.25,2,586,2017,5,25,8.05,0.58,0,0,57.5,59,56,50,80,16.1,28,1,0,0,0,0,0,0
2017.5.26,46,4838.1739,2017,5,26,4.92,0.1,0,0,64.5,73,56,290,270,16.1,25.1,1,0,0,0,0,0,0
2017.5.27,138,3727.7464,2017,5,27,3.13,0,0,0,65,71,59,120,290,8.1,13,0,0,0,0,0,0,0
2017.5.28,163,3324.1718,2017,5,28,4.47,0,0,0,64.5,71,58,160,170,12.1,21,1,0,0,0,0,1,0
2017.5.29,63,2240.6984,2017,5,29,5.14,0.13,0,0,58.5,61,56,60,80,12.1,14.1,1,0,0,0,0,0,0
2017.5.30,20,5229.95,2017,5,30,2.68,0.06,0,0,57.5,60,55,160,150,12.1,17,1,0,0,0,0,0,0
2017.5.31,28,3942.2857,2017,5,31,2.46,0.03,0,0,66.5,75,58,60,50,12.1,17,1,0,0,0,0,0,0
2017.6.1,41,1353.3415,2017,6,1,3.8,0,0,0,69,79,59,280,270,13,21.9,0,0,0,0,0,0,0
2017.6.2,53,6185.5472,2017,6,2,4.47,0.01,0,0,66.5,76,57,280,260,16.1,23.9,0,0,0,0,0,0,0
2017.6.3,119,10985.9748,2017,6,3,3.58,0.01,0,0,64,73,55,300,320,13,23.9,0,0,0,0,0,0,0
2017.6.4,96,5738.1458,2017,6,4,2.24,0.09,0,0,63,70,56,180,150,8.1,14.1,1,0,0,0,0,1,0
2017.6.5,22,32663.5909,2017,6,5,4.92,0.02,0,0,62.5,67,58,70,60,16.1,21.9,1,0,0,0,0,1,0
2017.6.6,26,1269.4615,2017,6,6,7.16,0.06,0,0,55,58,52,80,80,13,23,1,0,0,0,0,0,0
2017.6.7,43,2465.3256,2017,6,7,3.36,0,0,0,59,67,51,50,60,12.1,17,0,0,0,0,0,0,0
2017.6.8,36,2346.0833,2017,6,8,3.8,0,0,0,62,69,55,160,140,8.9,15,0,0,0,0,0,0,0
2017.6.9,68,5019.4706,2017,6,9,4.7,0,0,0,66.5,80,53,280,300,13,21,0,0,0,0,0,0,0
2017.6.10,179,2093.6257,2017,6,10,3.58,0,0,0,75.5,85,66,250,260,14.1,23,0,0,0,0,0,0,0
2017.6.11,177,3476.0056,2017,6,11,5.14,0,0,0,81,90,72,270,270,14.1,25.9,0,0,0,0,0,0,0
2017.6.12,56,4552.5536,2017,6,12,3.8,0,0,0,84.5,93,76,270,260,12.1,18.1,0,0,0,0,0,0,0
2017.6.13,25,951.24,2017,6,13,3.13,0,0,0,85.5,94,77,250,250,10.1,19.9,0,0,0,0,0,0,0
2017.6.14,45,3710.3333,2017,6,14,4.7,0.29,0,0,76.5,84,69,50,50,13,19,1,0,0,0,0,0,0
2017.6.15,26,6901.2692,2017,6,15,4.25,0,0,0,70,76,64,170,160,12.1,19,0,0,0,0,0,0,0
2017.6.16,35,2091.8571,2017,6,16,5.14,0,0,0,65.5,68,63,120,120,10.1,17,1,0,0,0,0,1,0
2017.6.17,76,2460.3158,2017,6,17,2.24,1.39,0,0,70,74,66,170,140,6.9,11,1,0,0,0,0,1,0
2017.6.18,100,2908.71,2017,6,18,3.58,0,0,0,77.5,85,70,180,170,10.1,21,1,0,0,0,0,0,0
2017.6.19,30,1555.3,2017,6,19,3.8,1.35,0,0,79,88,70,250,290,13,34,1,1,0,0,0,1,0
2017.6.20,27,2237.8148,2017,6,20,5.14,0.03,0,0,77,83,71,290,250,15,23.9,1,0,0,0,0,0,0
2017.6.21,38,1861.2895,2017,6,21,4.7,0,0,0,77,83,71,270,270,13,23,0,0,0,0,0,0,0
2017.6.22,44,2186.0227,2017,6,22,2.24,0,0,0,75.5,83,68,240,180,8.1,19,0,0,0,0,0,0,0
2017.6.23,23,13318.1739,2017,6,23,4.92,0.04,0,0,79.5,83,76,240,270,15,25.9,1,0,0,0,0,0,0
2017.6.24,182,3813.456,2017,6,24,5.37,1.29,0,0,77.5,84,71,290,280,17,28,1,0,0,0,0,0,0
2017.6.25,162,4142.9074,2017,6,25,2.46,0,0,0,75.5,83,68,350,280,12.1,21.9,0,0,0,0,0,0,0
2017.6.26,44,2166.4318,2017,6,26,3.13,0,0,0,71.5,79,64,270,180,12.1,19,0,0,0,0,0,0,0
2017.6.27,57,1911.4561,2017,6,27,3.58,0.18,0,0,68.5,77,60,290,290,12.1,19.9,1,0,0,0,0,0,0
2017.6.28,45,1309.0222,2017,6,28,4.92,0,0,0,69.5,78,61,260,260,15,21.9,0,0,0,0,0,0,0
2017.6.29,52,29618.5,2017,6,29,5.37,0,0,0,75,82,68,240,240,12.1,21.9,0,0,0,0,0,0,0
2017.6.30,51,2609.3333,2017,6,30,5.82,0,0,0,80.5,88,73,230,250,13,23.9,0,0,0,0,0,0,0
2017.7.1,99,5799.0606,2017,7,1,4.03,0.23,0,0,78,85,71,260,200,14.1,23.9,1,0,0,0,0,1,0
2017.7.2,179,3341.7207,2017,7,2,4.92,0,0,0,79.5,87,72,270,260,12.1,19,1,0,0,0,0,0,0
2017.7.3,79,4531.3165,2017,7,3,1.79,0.45,0,0,79.5,88,71,340,320,16.1,28,1,0,0,0,0,1,0
2017.7.4,239,5428.0795,2017,7,4,2.68,0,0,0,77.5,85,70,260,80,8.1,11,0,0,0,0,0,1,0
2017.7.5,51,2425.7451,2017,7,5,4.92,0,0,0,77.5,85,70,160,180,12.1,19,0,0,0,0,0,0,0
2017.7.6,32,1440.7812,2017,7,6,3.58,0,0,0,74,77,71,160,150,10.1,14.1,0,0,0,0,0,0,0
2017.7.7,34,1536,2017,7,7,5.37,1.78,0,0,74,80,68,70,310,14.1,21.9,1,1,0,0,0,0,0
2017.7.8,151,2151.4305,2017,7,8,3.36,0,0,0,76.5,84,69,280,260,16.1,23,1,0,0,0,0,0,0
2017.7.9,235,2240.8213,2017,7,9,3.58,0,0,0,74,81,67,270,290,12.1,17,0,0,0,0,0,0,0
2017.7.10,30,1359.8,2017,7,10,3.36,0,0,0,76,84,68,150,170,10.1,19.9,0,0,0,0,0,1,0
2017.7.11,17,6633.4706,2017,7,11,3.13,0,0,0,80,85,75,260,260,13,21.9,0,0,0,0,0,0,0
2017.7.12,59,1731.9831,2017,7,12,5.14,0,0,0,82.5,88,77,270,260,16.1,25.1,0,0,0,0,0,0,0
2017.7.13,31,2471.3548,2017,7,13,4.92,0,0,0,81.5,90,73,260,270,14.1,21.9,0,0,0,0,0,0,0
2017.7.14,15,1133.9333,2017,7,14,4.7,0.35,0,0,69,73,65,70,70,13,17,1,0,0,0,0,0,0
2017.7.15,113,3558.0973,2017,7,15,3.36,0,0,0,76,84,68,280,290,12.1,17,1,0,0,0,0,0,0
2017.7.16,205,1899.3756,2017,7,16,2.68,0,0,0,77.5,87,68,160,150,8.9,16.1,0,0,0,0,0,0,0
2017.7.17,50,2353.88,2017,7,17,2.68,0,0,0,79,85,73,160,170,12.1,21,0,0,0,0,0,0,0
2017.7.18,32,6069.3125,2017,7,18,2.91,0,0,0,80.5,88,73,230,240,10.1,18.1,0,0,0,0,0,0,0
2017.7.19,41,1559.0488,2017,7,19,3.13,0,0,0,84.5,92,77,280,280,12.1,16.1,0,0,0,0,0,0,0
2017.7.20,28,8928.8571,2017,7,20,2.91,0.01,0,0,85.5,94,77,280,250,12.1,17,0,0,0,0,0,0,0
2017.7.21,59,2428.4407,2017,7,21,3.8,0,0,0,84,92,76,280,260,10.1,18.1,0,0,0,0,0,0,0
2017.7.22,118,2755.9492,2017,7,22,2.46,0.57,0,0,81.5,92,71,170,150,8.1,13,1,0,0,0,0,0,0
2017.7.23,118,1705.7458,2017,7,23,2.68,0.06,0,0,75,79,71,150,160,10.1,17,1,0,0,0,0,1,0
2017.7.24,18,898.6667,2017,7,24,6.71,0.74,0,0,68,73,63,70,80,15,23,1,0,0,0,0,0,0
2017.7.25,28,4085.3929,2017,7,25,5.14,0,0,0,66.5,71,62,60,60,10.1,14.1,0,0,0,0,0,0,0
2017.7.26,55,2372,2017,7,26,3.8,0,0,0,71,77,65,70,180,8.9,17,0,0,0,0,0,0,0
2017.7.27,33,671.1212,2017,7,27,2.46,0,0,0,71.5,78,65,260,240,8.9,17,0,0,0,0,0,0,0
2017.7.28,45,3634.8667,2017,7,28,2.91,0,0,0,78,85,71,50,30,12.1,17,1,0,0,0,0,1,0
2017.7.29,140,1648.8786,2017,7,29,9.4,0,0,0,72,77,67,60,60,17,25.1,0,0,0,0,0,0,0
2017.7.30,253,2322.3043,2017,7,30,4.25,0,0,0,73,82,64,60,50,12.1,16.1,0,0,0,0,0,0,0
2017.7.31,41,2699.8293,2017,7,31,2.01,0,0,0,77,88,66,70,260,8.9,14.1,0,0,0,0,0,0,0
2017.8.1,45,1313.3333,2017,8,1,2.68,0,0,0,81.5,92,71,150,240,8.1,14.1,0,0,0,0,0,0,0
2017.8.2,98,1480.6837,2017,8,2,1.57,0.09,0,0,77.5,86,69,310,320,12.1,19,1,0,0,0,0,1,0
2017.8.3,44,1280.75,2017,8,3,1.79,0,0,0,77.5,87,68,160,150,8.9,19,1,0,0,0,0,1,0
2017.8.4,58,3549.8448,2017,8,4,4.25,0.15,0,0,76.5,84,69,160,140,13,21.9,1,0,0,0,0,0,0
2017.8.5,180,1453.0778,2017,8,5,4.47,0.3,0,0,73.5,78,69,290,290,14.1,21.9,1,0,0,0,0,1,0
2017.8.6,236,1890.5212,2017,8,6,3.8,0,0,0,70,76,64,280,330,10.1,16.1,0,0,0,0,0,0,0
2017.8.7,15,65120.5333,2017,8,7,2.46,0.76,0,0,67.5,71,64,150,170,8.9,18.1,1,0,0,0,0,0,0
2017.8.8,23,1332.1739,2017,8,8,2.91,0,0,0,71.5,78,65,60,20,8.9,15,1,0,0,0,0,0,0
2017.8.9,58,2260.3966,2017,8,9,1.34,0,0,0,74.5,85,64,180,200,8.1,14.1,0,0,0,0,0,0,0
2017.8.10,56,1737.7143,2017,8,10,2.24,0,0,0,75.5,83,68,160,150,8.9,16.1,0,0,0,0,0,0,0
2017.8.11,52,2431.6154,2017,8,11,2.68,0,0,0,75.5,82,69,160,160,12.1,18.1,0,0,0,0,0,0,0
2017.8.12,162,2286.6235,2017,8,12,3.36,0.11,0,0,70.5,77,64,140,180,8.9,16.1,1,0,0,0,0,0,0
2017.8.13,212,7936.2783,2017,8,13,3.8,0,0,0,77,83,71,20,280,10.1,17,0,0,0,0,0,0,0
2017.8.14,43,1636.0465,2017,8,14,2.24,0,0,0,75,80,70,250,170,8.9,13,0,0,0,0,0,0,0
2017.8.15,18,1684.2778,2017,8,15,1.12,0.45,0,0,71,74,68,230,250,8.1,13,1,0,0,0,0,0,0
2017.8.16,67,8074.3433,2017,8,16,2.24,0,0,0,78.5,87,70,60,290,10.1,15,1,0,0,0,0,0,0
2017.8.17,65,2808.6462,2017,8,17,3.13,0,0,0,76,83,69,160,160,10.1,16.1,1,0,0,0,0,0,0
2017.8.18,8,2624.375,2017,8,18,3.36,0.88,0,0,77.5,82,73,250,240,10.1,19,1,1,0,0,0,0,0
2017.8.19,163,6764.2761,2017,8,19,2.91,0,0,0,79.5,86,73,260,260,12.1,17,1,0,0,0,0,0,0
2017.8.20,249,2551.6988,2017,8,20,4.47,0,0,0,75,81,69,290,340,10.1,18.1,0,0,0,0,0,0,0
2017.8.21,58,2475.431,2017,8,21,3.36,0,0,0,79,87,71,240,250,12.1,19,0,0,0,0,0,0,0
2017.8.22,37,3878.2973,2017,8,22,5.14,0.3,0,0,80.5,89,72,250,270,14.1,25.1,1,0,0,0,0,1,0
2017.8.23,36,4757.9167,2017,8,23,4.03,0,0,0,75.5,81,70,280,310,10.1,19.9,1,0,0,0,0,0,0
2017.8.24,60,2800.3167,2017,8,24,3.13,0,0,0,72.5,80,65,360,280,10.1,15,0,0,0,0,0,0,0
2017.8.25,60,4443.8833,2017,8,25,2.46,0,0,0,70.5,78,63,60,50,8.9,15,0,0,0,0,0,0,0
2017.8.26,97,4008.5361,2017,8,26,3.8,0,0,0,70,78,62,40,60,8.9,14.1,0,0,0,0,0,0,0
2017.8.27,149,10376.0134,2017,8,27,4.47,0,0,0,70.5,78,63,70,60,13,17,0,0,0,0,0,0,0
2017.8.28,30,1291.8667,2017,8,28,6.26,0,0,0,69.5,76,63,70,50,16.1,21.9,0,0,0,0,0,1,0
2017.8.29,11,628.3636,2017,8,29,8.05,0.29,0,0,64.5,68,61,80,90,16.1,25.1,1,0,0,0,0,0,0
2017.8.30,31,1660.7742,2017,8,30,5.14,0.01,0,0,69,78,60,40,30,13,18.1,1,0,0,0,0,0,0
2017.8.31,49,2315.4694,2017,8,31,3.8,0,0,0,72.5,81,64,270,270,14.1,23,0,0,0,0,0,0,0
2017.9.1,40,1700.575,2017,9,1,4.92,0,0,0,63,71,55,300,280,10.1,19,0,0,0,0,0,0,0
2017.9.2,75,31071.7733,2017,9,2,5.59,0.53,0,0,61,68,54,120,110,10.1,17,1,0,0,0,0,0,0
2017.9.3,70,2852.1714,2017,9,3,5.59,0.74,0,0,64,69,59,100,120,12.1,19,1,0,0,0,0,0,0
2017.9.4,222,3810.6892,2017,9,4,4.7,0,0,0,70.5,80,61,240,270,12.1,21.9,0,0,0,0,0,0,0
2017.9.5,37,1229.9459,2017,9,5,3.13,0,0,0,77,85,69,290,280,15,25.1,0,0,0,0,0,0,0
2017.9.6,13,20404.3846,2017,9,6,3.8,0.42,0,0,66.5,72,61,60,30,14.1,21.9,1,0,0,0,0,0,0
2017.9.7,52,10260.3077,2017,9,7,4.92,0.01,0,0,65,71,59,250,260,14.1,25.9,1,0,0,0,0,0,0
2017.9.8,62,3849.2903,2017,9,8,3.8,0,0,0,64.5,71,58,280,280,13,21.9,0,0,0,0,0,0,0
2017.9.9,110,7183.4727,2017,9,9,4.03,0,0,0,62.5,70,55,70,40,12.1,18.1,0,0,0,0,0,0,0
2017.9.10,186,3484.1398,2017,9,10,5.82,0,0,0,64.5,72,57,50,60,15,21,0,0,0,0,0,0,0
2017.9.11,54,2604.9444,2017,9,11,2.01,0,0,0,65.5,76,55,10,30,8.9,12.1,0,0,0,0,0,0,0
2017.9.12,40,1422.15,2017,9,12,1.34,0,0,0,68.5,78,59,260,260,8.1,15,0,0,0,0,0,0,0
2017.9.13,20,3621.45,2017,9,13,2.46,0.06,0,0,73.5,83,64,250,260,8.9,17,1,0,0,0,0,0,0
2017.9.14,31,2751.5806,2017,9,14,2.24,0.02,0,0,75.5,81,70,150,240,10.1,18.1,1,0,0,0,0,0,0
2017.9.15,59,1723.9492,2017,9,15,1.57,0,0,0,74,81,67,250,250,8.1,12.1,0,0,0,0,0,0,0
2017.9.16,145,2185.0759,2017,9,16,2.91,0,0,0,76,82,70,150,160,8.9,14.1,1,0,0,0,0,1,0
2017.9.17,163,2190.4356,2017,9,17,2.68,0,0,0,74.5,81,68,170,170,8.1,13,1,0,0,0,0,1,0
2017.9.18,31,3792.6129,2017,9,18,6.93,0,0,0,70.5,73,68,70,80,13,18.1,1,0,0,0,0,0,0
2017.9.19,13,7387.5385,2017,9,19,9.84,0.22,0,0,73.5,78,69,60,50,21,29.1,1,0,0,0,0,0,0
2017.9.20,37,1882.5135,2017,9,20,6.26,0,0,0,75,79,71,10,30,15,25.1,0,0,0,0,0,0,0
2017.9.21,35,1123.6571,2017,9,21,5.59,0,0,0,75.5,80,71,50,10,13,19.9,0,0,0,0,0,0,0
2017.9.22,51,4498.7451,2017,9,22,7.16,0,0,0,74,82,66,20,30,14.1,23,0,0,0,0,0,0,0
2017.9.23,165,2086.2485,2017,9,23,4.7,0,0,0,77.5,87,68,60,40,12.1,18.1,0,0,0,0,0,0,0
2017.9.24,132,2029.5909,2017,9,24,1.57,0,0,0,80,91,69,30,30,8.9,12.1,0,0,0,0,0,0,0
2017.9.25,43,5426.8605,2017,9,25,2.91,0,0,0,79,88,70,50,150,8.9,14.1,0,0,0,0,0,0,0
2017.9.26,34,1878.9412,2017,9,26,2.01,0,0,0,76,84,68,70,60,8.1,12.1,1,0,0,0,0,1,0
2017.9.27,54,2662.3148,2017,9,27,3.8,0,0,0,78,87,69,60,50,12.1,16.1,0,0,0,0,0,0,0
2017.9.28,38,2052.0526,2017,9,28,5.82,0,0,0,69,79,59,300,310,15,23.9,1,0,0,0,0,0,0
2017.9.29,38,1520.9737,2017,9,29,2.46,0,0,0,61.5,68,55,270,280,8.9,15,0,0,0,0,0,0,0
2017.9.30,83,1552.7952,2017,9,30,6.26,0,0,0,60,66,54,60,30,17,23,0,0,0,0,0,0,0
2017.10.1,105,2033.2,2017,10,1,2.91,0,0,0,59,68,50,50,50,10.1,13,0,0,0,0,0,0,0
2017.10.2,28,1642.5714,2017,10,2,2.46,0,0,0,62.5,73,52,60,180,8.1,13,0,0,0,0,0,0,0
2017.10.3,52,27551.3462,2017,10,3,3.13,0,0,0,64,71,57,150,260,8.9,17,0,0,0,0,0,1,0
2017.10.4,57,1806.9298,2017,10,4,4.92,0,0,0,65.5,75,56,260,260,14.1,21.9,0,0,0,0,0,0,0
2017.10.5,51,1702.1961,2017,10,5,4.92,0,0,0,74,83,65,260,250,14.1,23,0,0,0,0,0,0,0
2017.10.6,54,2123.8889,2017,10,6,2.46,0,0,0,75,82,68,280,290,10.1,16.1,0,0,0,0,0,0,0
2017.10.7,169,1747.5325,2017,10,7,4.03,0,0,0,73.5,81,66,150,150,10.1,16.1,1,0,0,0,0,1,0
2017.10.8,86,2441.1279,2017,10,8,4.92,0.22,0,0,74.5,77,72,240,240,12.1,21,1,0,0,0,0,0,0
2017.10.9,38,1156.0789,2017,10,9,4.92,0.26,0,0,74,77,71,170,150,12.1,25.1,1,0,0,0,0,0,0
2017.10.10,51,1371.3137,2017,10,10,2.91,0,0,0,73.5,81,66,290,320,8.9,16.1,0,0,0,0,0,0,0
2017.10.11,33,1170.6061,2017,10,11,5.82,0.06,0,0,68.5,77,60,60,90,14.1,19,1,0,0,0,0,0,0
2017.10.12,34,838.3529,2017,10,12,8.72,0.07,0,0,59.5,64,55,60,80,18.1,27.1,1,0,0,0,0,0,0
2017.10.13,66,1332,2017,10,13,6.04,0,0,0,59.5,67,52,60,120,12.1,16.1,1,0,0,0,0,1,0
2017.10.14,85,2665.2118,2017,10,14,2.46,0.08,0,0,66.5,72,61,70,60,8.1,11,1,0,0,0,0,1,0
2017.10.15,118,1310.9661,2017,10,15,4.25,0,0,0,69.5,74,65,240,260,15,23,1,0,0,0,0,0,0
2017.10.16,28,744.5714,2017,10,16,6.71,0.01,0,0,57.5,69,46,300,99,13,19.9,0,0,0,0,0,0,0
2017.10.17,31,1108.3871,2017,10,17,4.03,0,0,0,50,58,42,250,250,10.1,17,0,0,0,0,0,0,0
2017.10.18,34,4799.6471,2017,10,18,3.8,0,0,0,61,72,50,250,240,10.1,16.1,0,0,0,0,0,1,0
2017.10.19,54,1281.2407,2017,10,19,4.47,0,0,0,63.5,71,56,250,250,13,18.1,0,0,0,0,0,0,0
2017.10.20,51,2424.2353,2017,10,20,4.03,0,0,0,65,73,57,310,300,12.1,19,0,0,0,0,0,1,0
2017.10.21,148,3797.9595,2017,10,21,2.24,0,0,0,67,78,56,260,250,8.1,14.1,0,0,0,0,0,0,0
2017.10.22,123,2001.0325,2017,10,22,1.57,0,0,0,66.5,76,57,150,170,8.1,12.1,0,0,0,0,0,1,0
2017.10.23,34,1555.5588,2017,10,23,3.58,0,0,0,67.5,74,61,150,160,8.1,19.9,0,0,0,0,0,0,0
2017.10.24,9,529.5556,2017,10,24,5.59,0.2,0,0,70.5,74,67,180,180,16.1,30,1,0,0,0,0,0,0
2017.10.25,30,1172.2,2017,10,25,2.01,0,0,0,62,67,57,280,300,8.9,17,1,0,0,0,0,0,0
2017.10.26,26,924.2692,2017,10,26,6.04,0,0,0,54,58,50,280,310,13,23,0,0,0,0,0,0,0
2017.10.27,41,1155.5122,2017,10,27,3.8,0,0,0,54.5,62,47,260,210,10.1,17,0,0,0,0,0,1,0
2017.10.28,142,2475.7887,2017,10,28,4.92,0,0,0,62,69,55,180,210,12.1,21.9,0,0,0,0,0,0,0
2017.10.29,22,6846.1818,2017,10,29,6.71,3.03,0,0,63.5,67,60,260,260,18.1,36,1,1,0,0,0,0,0
2017.10.30,17,926.4118,2017,10,30,8.72,0.25,0,0,53.5,61,46,280,270,19.9,35.1,1,0,0,0,0,0,0
2017.10.31,20,1371.2,2017,10,31,5.82,0,0,0,51,57,45,260,260,17,25.1,0,0,0,0,0,0,0
2017.11.1,20,888.7,2017,11,1,2.46,0,0,0,51,59,43,140,130,10.1,16.1,0,0,0,0,0,0,0
2017.11.2,31,6615.9032,2017,11,2,2.46,0,0,0,65,72,58,160,200,8.9,17,1,0,0,0,0,0,0
2017.11.3,31,23483.5161,2017,11,3,5.59,0,0,0,62.5,74,51,310,300,15,21.9,0,0,0,0,0,1,0
2017.11.4,67,2067.6716,2017,11,4,5.82,0,0,0,51,56,46,50,70,13,18.1,0,0,0,0,0,0,0
2017.11.5,27,2811.1111,2017,11,5,4.25,0.02,0,0,56,61,51,120,100,12.1,17,1,0,0,0,0,0,0
2017.11.6,10,1083.2,2017,11,6,4.92,0.01,0,0,56,66,46,310,310,13,21,1,0,0,0,0,0,0
2017.11.7,6,445.8333,2017,11,7,6.49,0.7,0,0,44.5,49,40,50,40,13,21.9,1,0,0,0,0,0,0
2017.11.8,12,708.9167,2017,11,8,5.37,0,0,0,44,49,39,50,50,14.1,21,0,0,0,0,0,0,0
2017.11.9,10,1014.2,2017,11,9,3.36,0,0,0,47,55,39,280,260,10.1,18.1,0,0,0,0,0,1,0
2017.11.10,6,462.6667,2017,11,10,9.4,0.01,0,0,38,51,25,310,290,18.1,33.1,1,0,0,0,0,0,0
2017.11.11,19,1075.5789,2017,11,11,4.7,0,0,0,31,38,24,50,320,13,19.9,0,0,0,0,0,0,0
2017.11.12,31,1325,2017,11,12,1.79,0,0,0,39,46,32,260,260,10.1,14.1,0,0,0,0,0,0,0
2017.11.13,2,1277,2017,11,13,3.58,0.07,0,0,43,47,39,50,50,12.1,15,1,0,0,0,0,1,0
2017.11.14,5,1230,2017,11,14,4.92,0,0,0,41.5,48,35,70,50,12.1,16.1,0,0,0,0,0,0,0
2017.11.15,16,2598.3125,2017,11,15,5.14,0,0,0,44,51,37,130,150,10.1,17,0,0,0,0,0,0,0
2017.11.16,11,1113.2727,2017,11,16,6.49,0.2,0,0,50,57,43,290,280,15,30,1,0,0,0,0,0,0
2017.11.17,10,2317.6,2017,11,17,7.83,0,0,0,42,47,37,300,320,12.1,31.1,0,0,0,0,0,0,0
2017.11.18,24,8101.0833,2017,11,18,3.36,0.1,0,0,45,56,34,180,170,8.1,18.1,1,0,0,0,0,0,0
2017.11.19,24,7846.8333,2017,11,19,9.62,0.23,0,0,48.5,59,38,290,290,19.9,38.9,0,0,0,0,0,0,0
2017.11.20,13,899.1538,2017,11,20,6.71,0,0,0,41.5,47,36,290,260,16.1,27.1,0,0,0,0,0,0,0
2017.11.21,8,1365.125,2017,11,21,5.14,0,0,0,50,58,42,220,240,14.1,23,0,0,0,0,0,0,0
2017.11.22,10,627.5,2017,11,22,6.71,0.21,0,0,45.5,56,35,310,300,17,29.1,1,0,0,0,0,0,0
2017.11.23,17,1498.1765,2017,11,23,4.7,0,0,0,37,43,31,320,300,8.9,21.9,0,0,0,0,0,0,0
2017.11.24,40,3447.55,2017,11,24,3.8,0,0,0,42.5,50,35,250,260,8.9,18.1,0,0,0,0,0,0,0
2017.11.25,32,2229.5938,2017,11,25,4.03,0,0,0,50,57,43,250,250,8.9,25.1,0,0,0,0,0,0,0
2017.11.26,21,4497.3333,2017,11,26,6.71,0,0,0,45.5,51,40,310,310,17,28,0,0,0,0,0,0,0
2017.11.27,9,1141.7778,2017,11,27,6.49,0,0,0,45,51,39,320,290,14.1,23.9,0,0,0,0,0,0,0
2017.11.28,14,941.2143,2017,11,28,4.47,0,0,0,45,54,36,240,250,13,23,0,0,0,0,0,0,0
2017.11.29,14,747,2017,11,29,5.37,0,0,0,52.5,63,42,310,320,15,30,0,0,0,0,0,1,0
2017.11.30,19,1145.4737,2017,11,30,4.47,0.03,0,0,45.5,53,38,80,100,14.1,18.1,0,0,0,0,0,0,0
2017.12.1,17,1705.7059,2017,12,1,5.37,0,0,0,47,52,42,80,20,12.1,19.9,0,0,0,0,0,0,0
2017.12.2,39,1678.0769,2017,12,2,3.13,0,0,0,43.5,48,39,80,70,12.1,15,0,0,0,0,0,0,0
2017.12.3,11,1610.0909,2017,12,3,2.01,0,0,0,45,48,42,100,100,8.9,8.9,0,0,0,0,0,0,0
2017.12.4,15,6760.4,2017,12,4,3.58,0,0,0,45.5,51,40,150,180,10.1,16.1,1,0,0,0,0,1,0
2017.12.5,6,525.8333,2017,12,5,6.71,0.75,0,0,55.5,61,50,170,170,14.1,21.9,1,0,0,0,0,0,0
2017.12.6,8,703.75,2017,12,6,7.61,0,0,0,49.5,59,40,260,290,16.1,27.1,0,0,0,0,0,0,0
2017.12.7,16,696.5,2017,12,7,6.71,0,0,0,40.5,44,37,290,250,17,31.1,0,0,0,0,0,0,0
2017.12.8,3,8579.3333,2017,12,8,4.92,0,0,0,36.5,39,34,280,290,12.1,18.1,0,0,0,0,0,0,0
2017.12.9,1,2495,2017,12,9,4.25,0.46,4.6,0,32.5,35,30,40,40,10.1,16.1,1,1,0,0,0,1,0
2017.12.11,13,1409,2017,12,11,5.37,0,0,2,37,41,33,240,260,13,21.9,0,0,0,0,0,0,0
2017.12.13,1,614,2017,12,13,10.74,0,0,0,25.5,31,20,290,290,21.9,40,0,0,0,0,0,1,0
2017.12.16,3,2069.3333,2017,12,16,6.71,0,0,2,31,39,23,240,240,17,32,0,0,0,0,0,0,0
2017.12.17,7,738.2857,2017,12,17,2.91,0,0,1.2,35,38,32,350,10,8.9,12.1,0,0,0,0,0,0,0
2017.12.18,6,1587.6667,2017,12,18,4.92,0.02,0,0,40.5,47,34,250,250,13,19.9,1,0,0,0,0,1,0
2017.12.19,4,1164.75,2017,12,19,7.61,0,0,0,50,55,45,250,260,16.1,30,0,0,0,0,0,0,0
2017.12.20,8,476.625,2017,12,20,7.38,0,0,0,42.5,51,34,310,330,16.1,28,0,0,0,0,0,0,0
2017.12.21,7,579.4286,2017,12,21,4.03,0,0,0,35.5,39,32,320,290,10.1,15,0,0,0,0,0,0,0
2017.12.22,16,1996.0625,2017,12,22,4.03,0,0,0,42.5,50,35,150,180,10.1,15,1,0,0,0,0,0,0
2017.12.23,9,2353,2017,12,23,4.92,0.49,0,0,43,48,38,300,310,13,19.9,1,0,0,0,0,0,0
2017.12.24,13,14105.2308,2017,12,24,7.83,0.01,0,0,38.5,41,36,70,310,15,23,1,0,0,0,0,0,0
2017.12.25,3,1183.3333,2017,12,25,10.96,0.23,0,0,33,38,28,290,280,23.9,38.9,1,0,0,0,0,0,0
2017.12.26,5,793,2017,12,26,8.72,0,0,0,25.5,28,23,280,260,18.1,30,0,0,0,0,0,0,0
2017.12.27,3,61519.6667,2017,12,27,6.26,0,0,0,20.5,24,17,280,310,14.1,21.9,0,0,0,0,0,0,0
2017.12.28,3,23112.6667,2017,12,28,8.05,0,0,0,14.5,18,11,310,300,17,30,0,0,0,0,0,0,0
2017.12.30,7,912.4286,2017,12,30,5.37,0.05,0.7,0,20,23,17,290,250,14.1,23,1,0,0,0,0,1,0
2017.12.31,1,178,2017,12,31,9.17,0,0,0,15,21,9,300,300,17,27.1,0,0,0,0,0,0,0
2018.1.2,2,476,2018,1,2,8.05,0,0,0,19.5,26,13,260,250,16.1,28,0,0,0,0,0,0,0
2018.1.3,3,2078.6667,2018,1,3,3.13,0,0,0,23,30,16,260,270,14.1,21.9,0,0,0,0,0,0,0
2018.1.7,1,441,2018,1,7,6.49,0,0,5.9,11.5,18,5,250,250,16.1,28,0,0,0,0,0,0,0
2018.1.9,1,1097,2018,1,9,6.71,0,0,5.1,37,44,30,310,330,15,27.1,0,0,0,0,0,0,0
2018.1.11,3,633.3333,2018,1,11,3.13,0,0,3.1,47,53,41,160,170,12.1,19,1,0,0,0,0,1,0
2018.1.12,4,445,2018,1,12,6.93,0.54,0,0,52.5,61,44,170,170,14.1,25.1,1,0,0,0,0,0,0
2018.1.13,10,1539.8,2018,1,13,9.62,0.05,0,0,38.5,58,19,310,280,18.1,30,1,0,0,0,0,0,0
2018.1.14,5,1633.8,2018,1,14,8.05,0,0,0,20,25,15,20,330,15,23,0,0,0,0,0,0,0
2018.1.16,2,574.5,2018,1,16,4.03,0,0,0,30.5,36,25,50,90,8.1,11,0,0,0,0,0,0,0
2018.1.17,5,899,2018,1,17,6.04,0.19,0.4,0,29,36,22,310,300,13,19.9,1,0,0,0,0,1,0
2018.1.18,2,398.5,2018,1,18,7.83,0,0,0,25,32,18,310,320,14.1,21,0,0,0,0,0,0,0
2018.1.19,4,1336.5,2018,1,19,5.37,0,0,0,32.5,41,24,250,260,13,23,0,0,0,0,0,0,0
2018.1.20,41,1312.6098,2018,1,20,8.5,0,0,0,45,52,38,290,250,19.9,29.1,0,0,0,0,0,0,0
2018.1.21,55,2093.2364,2018,1,21,2.91,0,0,0,46,50,42,280,270,8.9,14.1,0,0,0,0,0,0,0
2018.1.22,2,239,2018,1,22,5.37,0.01,0,0,43.5,49,38,60,50,14.1,18.1,1,0,0,0,0,1,0
2018.1.23,1,2984,2018,1,23,6.26,0.3,0,0,49,60,38,280,290,21.9,38,1,0,0,0,0,0,0
2018.1.24,4,357,2018,1,24,9.4,0,0,0,35.5,44,27,290,280,16.1,25.9,0,0,0,0,0,0,0
2018.1.25,3,263.3333,2018,1,25,6.71,0,0,0,28.5,34,23,310,320,15,25.1,0,0,0,0,0,0,0
2018.1.26,6,1033.8333,2018,1,26,3.8,0,0,0,32,38,26,170,180,13,19.9,0,0,0,0,0,0,0
2018.1.27,23,1111.1739,2018,1,27,6.49,0,0,0,45.5,56,35,250,240,15,25.9,0,0,0,0,0,0,0
2018.1.28,1,141,2018,1,28,3.8,0.21,0,0,50.5,55,46,250,250,13,19,1,0,0,0,0,0,0
2018.1.29,1,5357,2018,1,29,9.17,0,0.1,0,41,47,35,60,50,21,28,0,0,0,0,0,1,0
2018.1.30,4,632.5,2018,1,30,7.61,0.11,0.9,0,30,36,24,310,300,17,31.1,1,0,0,0,0,1,0
2018.1.31,2,1288.5,2018,1,31,6.71,0,0,0,25.5,33,18,250,240,15,27.1,0,0,0,0,0,1,0
2018.2.1,1,766,2018,2,1,3.8,0.05,0,0,38.5,45,32,250,250,13,21,0,0,0,0,0,0,0
2018.2.2,2,199,2018,2,2,9.17,0.18,0,0,29,41,17,290,280,19.9,33.1,1,0,0,0,0,0,0
2018.2.3,2,269,2018,2,3,7.61,0,0,0,23.5,31,16,230,270,16.1,28,0,0,0,0,0,0,0
2018.2.4,8,1086.75,2018,2,4,4.03,0.96,0,0,38,46,30,230,240,14.1,23,1,0,0,0,0,1,0
2018.2.5,4,284.25,2018,2,5,7.61,0,0,0,33,40,26,310,280,17,30,1,0,0,0,0,0,0
2018.2.6,4,851.5,2018,2,6,4.03,0,0,0,31.5,37,26,260,260,14.1,19,0,0,0,0,0,0,0
2018.2.8,4,15678.25,2018,2,8,6.71,0,0,0,29,33,25,310,310,18.1,27.1,0,0,0,0,0,0,0
2018.2.9,3,1639.3333,2018,2,9,4.92,0,0,0,32.5,39,26,160,300,13,21,0,0,0,0,0,0,0
2018.2.10,9,840.8889,2018,2,10,2.24,0.58,0,0,44.5,50,39,180,200,8.1,14.1,1,0,0,0,0,0,0
2018.2.11,3,2926.3333,2018,2,11,3.13,1.21,0,0,53.5,62,45,180,160,10.1,17,1,0,0,0,0,0,0
2018.2.13,4,859,2018,2,13,5.59,0,0,0,32,38,26,360,10,15,21,0,0,0,0,0,0,0
2018.2.14,10,904.2,2018,2,14,5.37,0.08,0,0,44,53,35,250,240,14.1,19.9,0,0,0,0,0,0,0
2018.2.15,6,646.1667,2018,2,15,5.14,0.16,0,0,54,62,46,250,250,13,21,1,0,0,0,0,1,0
2018.2.16,7,632.7143,2018,2,16,6.93,0.09,0,0,47,58,36,320,300,19.9,36.9,1,0,0,0,0,0,0
2018.2.17,12,4519.5833,2018,2,17,4.47,0.52,4.4,0,34,40,28,170,310,15,21,1,0,0,0,0,1,0
2018.2.18,21,1652.6667,2018,2,18,5.82,0.01,0,3.1,38.5,44,33,310,320,14.1,27.1,1,0,0,0,0,0,0
2018.2.19,8,1329,2018,2,19,4.25,0.04,0,0,42.5,49,36,160,190,12.1,18.1,1,0,0,0,0,0,0
2018.2.20,17,1478.1176,2018,2,20,6.04,0,0,0,57,67,47,260,260,15,21,1,0,0,0,0,0,0
2018.2.21,27,1913.7778,2018,2,21,5.82,0.06,0,0,66.5,78,55,250,240,15,25.9,1,0,0,0,0,0,0
2018.2.22,1,707,2018,2,22,8.28,0.17,0,0,48,59,37,50,10,16.1,23,1,0,0,0,0,0,0
2018.2.23,3,99797,2018,2,23,6.26,0.06,0,0,39,42,36,250,260,14.1,21,1,0,0,0,0,0,0
2018.2.24,12,14931.5,2018,2,24,5.37,0.08,0,0,48.5,55,42,260,270,14.1,21.9,1,0,0,0,0,0,0
2018.2.25,4,374,2018,2,25,6.26,0.73,0,0,42,44,40,50,60,16.1,23.9,1,0,0,0,0,0,0
2018.2.26,3,844.3333,2018,2,26,4.47,0,0,0,47.5,52,43,270,300,10.1,18.1,1,0,0,0,0,0,0
2018.2.27,7,1102.4286,2018,2,27,4.47,0,0,0,47.5,56,39,240,250,14.1,21.9,0,0,0,0,0,0,0
2018.2.28,7,1269.8571,2018,2,28,5.14,0,0,0,51.5,61,42,260,250,15,25.9,0,0,0,0,0,0,0
2018.3.1,17,1235.7059,2018,3,1,5.14,0.38,0,0,52,60,44,70,60,13,17,1,0,0,0,0,0,0
2018.3.3,14,975.9286,2018,3,3,11.18,0,0,0,42.5,49,36,30,30,25.1,42.9,0,0,0,0,0,1,0
2018.3.4,9,1633.8889,2018,3,4,9.62,0,0,0,39,44,34,20,10,21.9,31.1,0,0,0,0,0,0,0
2018.3.5,8,936.75,2018,3,5,7.16,0,0,0,38,43,33,40,40,16.1,25.1,0,0,0,0,0,0,0
2018.3.6,2,1452,2018,3,6,4.7,0,0,0,39.5,47,32,160,170,15,23,0,0,0,0,0,0,0
2018.3.7,1,564,2018,3,7,10.07,1.41,3.2,0,36,39,33,60,70,21.9,35.1,1,1,0,0,0,0,0
2018.3.8,6,1433,2018,3,8,6.04,0,0,3.1,36,39,33,280,280,14.1,21,0,0,0,0,0,0,0
2018.3.9,4,1284.75,2018,3,9,7.83,0,0,2,36,42,30,270,260,17,25.9,0,0,0,0,0,0,0
2018.3.10,22,1733.0909,2018,3,10,8.5,0,0,0,35.5,40,31,280,270,17,25.1,0,0,0,0,0,0,0
2018.3.11,26,3773.1154,2018,3,11,5.37,0,0,0,38.5,45,32,310,310,13,19.9,0,0,0,0,0,0,0
2018.3.12,10,1269.4,2018,3,12,8.5,0.08,0,0,37.5,43,32,70,50,17,23.9,1,0,0,0,0,0,0
2018.3.13,3,639,2018,3,13,8.5,0.28,0,0,36.5,40,33,290,280,16.1,28,1,0,0,0,0,0,0
2018.3.14,13,1014.4615,2018,3,14,10.96,0.01,0,0,36,41,31,260,250,19.9,31.1,1,0,0,0,0,0,0
2018.3.15,5,9516.8,2018,3,15,10.07,0,0,0,40,48,32,250,280,17,31.1,0,0,0,0,0,0,0
2018.3.16,13,278.7692,2018,3,16,9.84,0,0,0,35,40,30,280,280,19.9,42.1,0,0,0,0,0,0,0
2018.3.17,22,5618.4091,2018,3,17,7.61,0,0,0,37.5,48,27,280,280,17,27.1,0,0,0,0,0,0,0
2018.3.18,19,4680.7368,2018,3,18,6.26,0,0,0,35.5,43,28,310,310,16.1,25.9,0,0,0,0,0,0,0
2018.3.19,4,14504,2018,3,19,5.82,0,0,0,40,47,33,50,20,13,18.1,0,0,0,0,0,0,0
2018.3.20,8,1067.875,2018,3,20,8.95,0,0,0,34.5,39,30,70,60,16.1,23,0,0,0,0,0,0,0
2018.3.22,3,339.6667,2018,3,22,6.71,0.06,0.2,7.9,41,50,32,310,320,14.1,23,1,0,0,0,0,1,0
2018.3.23,4,426.5,2018,3,23,5.59,0,0,1.2,42,49,35,20,350,14.1,21,0,0,0,0,0,0,0
2018.3.24,83,2448.988,2018,3,24,6.04,0,0,0,43,51,35,40,10,12.1,19,0,0,0,0,0,0,0
2018.3.25,19,1205.3158,2018,3,25,8.28,0,0,0,39,45,33,70,50,19.9,29.1,0,0,0,0,0,0,0
2018.3.26,12,1156,2018,3,26,5.82,0,0,0,42,50,34,50,60,21,28,0,0,0,0,0,0,0
2018.3.27,4,729.75,2018,3,27,3.36,0.01,0,0,40.5,47,34,50,60,10.1,14.1,1,0,0,0,0,0,0
2018.3.28,4,566.75,2018,3,28,4.03,0.03,0,0,45,52,38,240,250,12.1,17,1,0,0,0,0,0,0
2018.3.29,7,561.1429,2018,3,29,2.91,0.03,0,0,51,53,49,150,160,8.9,16.1,1,0,0,0,0,1,0
2018.3.30,20,14593.95,2018,3,30,4.03,0.03,0,0,53,62,44,300,290,15,23.9,1,0,0,0,0,1,0
2018.3.31,74,3642.3378,2018,3,31,6.49,0,0,0,48.5,58,39,170,300,16.1,25.1,0,0,0,0,0,0,0
2018.4.1,71,6106.9437,2018,4,1,6.71,0,0,0,51.5,60,43,250,180,14.1,25.1,0,0,0,0,0,0,0
2018.4.2,10,1251.7,2018,4,2,5.82,0.59,5.5,5.1,38,43,33,20,10,16.1,21.9,1,1,0,0,0,0,0
2018.4.3,3,469.3333,2018,4,3,4.7,0.26,0,0,41,43,39,60,60,12.1,16.1,1,0,0,0,0,1,0
2018.4.4,16,7097.625,2018,4,4,8.5,0.04,0,0,48,56,40,280,260,21.9,42.1,1,0,0,0,0,1,0
2018.4.5,14,1555.4286,2018,4,5,8.72,0,0,0,39.5,45,34,280,270,19.9,31.1,0,0,0,0,0,0,0
2018.4.6,8,2956.375,2018,4,6,4.92,0.11,0,0,49.5,62,37,250,250,15,27.1,1,0,0,0,0,0,0
2018.4.7,34,1758.3529,2018,4,7,7.38,0,0,0,43,49,37,300,290,16.1,23.9,0,0,0,0,0,0,0
2018.4.8,25,2229.32,2018,4,8,8.5,0,0,0,39,46,32,290,290,18.1,30,0,0,0,0,0,0,0
2018.4.9,5,520,2018,4,9,5.37,0,0,0,40.5,49,32,310,310,14.1,21,0,0,0,0,0,0,0
2018.4.10,20,2554.35,2018,4,10,4.92,0.01,0,0,44.5,51,38,10,320,12.1,19.9,1,0,0,0,0,1,0
2018.4.11,12,2356.9167,2018,4,11,3.8,0,0,0,44,51,37,170,180,13,19,0,0,0,0,0,0,0
2018.4.12,11,1884,2018,4,12,5.59,0,0,0,54.5,63,46,250,260,15,23,0,0,0,0,0,1,0
2018.4.13,72,2948.6806,2018,4,13,5.59,0,0,0,71,82,60,250,250,18.1,31.1,0,0,0,0,0,0,0
2018.4.14,311,2249.9871,2018,4,14,7.38,0,0,0,60.5,77,44,60,60,21,27.1,1,0,0,0,0,1,0
2018.4.15,13,1443.6923,2018,4,15,12.3,0.47,0,0,41,44,38,70,100,21.9,32,1,0,0,0,0,1,0
2018.4.16,3,701.6667,2018,4,16,11.41,2.82,0,0,49.5,60,39,60,50,28,44.1,1,0,1,0,0,0,0
2018.4.17,9,672.6667,2018,4,17,8.5,0,0,0,43,47,39,280,270,17,29.1,0,0,0,0,0,0,0
2018.4.18,15,1931.5333,2018,4,18,6.49,0,0,0,46,55,37,250,250,18.1,27.1,0,0,0,0,0,0,0
2018.4.19,6,5326.6667,2018,4,19,7.61,0.15,0,0,43.5,49,38,300,290,18.1,29.1,1,0,0,0,0,0,0
2018.4.20,12,1467.9167,2018,4,20,8.5,0,0,0,43.5,50,37,310,300,19.9,30,0,0,0,0,0,0,0
2018.4.21,282,1829.0355,2018,4,21,5.82,0,0,0,51,63,39,280,280,15,21.9,0,0,0,0,0,0,0
2018.4.22,303,2746.3135,2018,4,22,4.25,0,0,0,55.5,67,44,180,170,13,23,0,0,0,0,0,0,0
2018.4.23,64,3183.1875,2018,4,23,4.47,0,0,0,57,68,46,160,150,15,21,0,0,0,0,0,0,0
2018.4.24,26,4147.8077,2018,4,24,4.25,0.05,0,0,56,66,46,170,170,15,23,1,0,0,0,0,0,0
2018.4.25,10,1094.3,2018,4,25,3.8,0.95,0,0,56,60,52,150,150,12.1,19.9,1,0,0,0,0,0,0
2018.4.26,59,2806.5932,2018,4,26,4.92,0.1,0,0,62.5,70,55,290,280,15,21.9,1,0,0,0,0,0,0
2018.4.27,27,6649.4815,2018,4,27,2.46,0.05,0,0,55,59,51,90,110,10.1,17,1,0,0,0,0,1,0
2018.4.28,165,1996.6909,2018,4,28,3.36,0.1,0,0,59,68,50,160,160,14.1,23,1,0,0,0,0,1,0
2018.4.29,113,4221.8584,2018,4,29,5.82,0.08,0,0,53,59,47,310,290,15,25.1,1,0,0,0,0,0,0
2018.4.30,24,678.6667,2018,4,30,5.14,0,0,0,47.5,51,44,310,320,16.1,28,0,0,0,0,0,0,0
2018.5.1,59,2040.8305,2018,5,1,4.25,0,0,0,64,80,48,320,330,14.1,21,0,0,0,0,0,0,0
2018.5.2,75,1851.2267,2018,5,2,5.37,0,0,0,77.5,90,65,250,260,16.1,31.1,0,0,0,0,0,0,0
2018.5.3,63,2847.2698,2018,5,3,5.37,0.02,0,0,81,92,70,250,250,15,28,1,0,0,0,0,0,0
2018.5.4,64,1257.2344,2018,5,4,3.58,0,0,0,78,84,72,280,250,18.1,30,0,0,0,0,0,1,0
2018.5.5,231,3013,2018,5,5,4.92,0,0,0,68.5,76,61,310,290,14.1,25.9,0,0,0,0,0,0,0
2018.5.6,137,2406.3504,2018,5,6,3.8,0,0,0,61,66,56,70,70,14.1,21.9,0,0,0,0,0,0,0
2018.5.7,43,1800.5116,2018,5,7,2.01,0,0,0,65.5,77,54,160,180,10.1,16.1,0,0,0,0,0,0,0
2018.5.8,62,2798.6774,2018,5,8,1.79,0,0,0,63.5,74,53,170,160,8.1,14.1,0,0,0,0,0,0,0
2018.5.9,58,17240.2586,2018,5,9,2.24,0,0,0,65.5,77,54,150,150,10.1,18.1,1,0,0,0,0,1,0
2018.5.10,40,2760.225,2018,5,10,2.68,0.25,0,0,60,66,54,180,180,8.9,17,1,0,0,0,0,0,0
2018.5.11,66,5629.1515,2018,5,11,3.58,0,0,0,66.5,73,60,310,310,13,19,0,0,0,0,0,0,0
2018.5.12,46,5471.2609,2018,5,12,3.58,0.22,0,0,57,63,51,350,340,12.1,17,1,0,0,0,0,0,0
2018.5.13,40,3456.9,2018,5,13,2.46,0.1,0,0,53,54,52,70,110,10.1,14.1,1,0,0,0,0,0,0
2018.5.14,41,4040.2439,2018,5,14,1.34,0.03,0,0,61.5,71,52,150,150,8.9,13,1,0,0,0,0,1,0
2018.5.15,69,1206.6087,2018,5,15,2.68,0.58,0,0,74.5,88,61,300,290,15,30,1,0,0,0,0,1,0
2018.5.16,24,777.375,2018,5,16,2.46,0.34,0,0,60,64,56,110,110,8.9,15,1,0,0,0,0,0,0
2018.5.17,35,1155.4286,2018,5,17,1.12,0.22,0,0,63.5,71,56,250,250,8.1,10.1,1,0,0,0,0,1,0
2018.5.18,43,2351.1163,2018,5,18,5.82,0,0,0,61.5,67,56,70,70,16.1,25.1,1,0,0,0,0,0,0
2018.5.19,22,1408.8182,2018,5,19,4.03,0.65,0,0,52.5,56,49,70,70,14.1,21.9,1,0,0,0,0,0,0
2018.5.20,193,4968.4715,2018,5,20,3.8,0,0,0,68.5,81,56,260,260,13,21,1,0,0,0,0,0,0
2018.5.21,85,1686.6118,2018,5,21,2.46,0,0,0,68.5,79,58,240,240,10.1,17,0,0,0,0,0,0,0
2018.5.22,30,1258.8667,2018,5,22,0.89,0.29,0,0,61.5,68,55,160,160,8.9,15,1,0,0,0,0,0,0
2018.5.23,46,16629.0435,2018,5,23,2.46,0.29,0,0,70,81,59,300,290,8.9,15,1,0,0,0,0,0,0
2018.5.24,76,2883.4211,2018,5,24,2.91,0,0,0,73,83,63,240,260,12.1,21,0,0,0,0,0,0,0
2018.5.25,93,17913.4516,2018,5,25,5.14,0,0,0,75.5,86,65,260,260,14.1,27.1,0,0,0,0,0,0,0
2018.5.26,239,8383.6736,2018,5,26,2.01,0,0,0,80.5,89,72,250,240,14.1,19.9,0,0,0,0,0,0,0
2018.5.27,50,3527.04,2018,5,27,8.28,0.44,0,0,68,80,56,70,70,16.1,27.1,1,0,0,0,0,0,0
2018.5.28,236,3662.1398,2018,5,28,1.79,0,0,0,62.5,69,56,70,70,8.9,14.1,0,0,0,0,0,0,0
2018.5.29,77,3156.7922,2018,5,29,1.12,0,0,0,76,89,63,250,250,8.1,13,1,0,0,0,0,1,0
2018.5.30,73,1314.6712,2018,5,30,2.24,0,0,0,69.5,78,61,140,180,8.9,16.1,1,0,0,0,0,1,0
2018.5.31,42,1615.2381,2018,5,31,2.01,0.1,0,0,65.5,68,63,160,160,8.1,13,1,0,0,0,0,1,0
2018.6.1,77,3704.3247,2018,6,1,0.89,0.27,0,0,73,81,65,310,290,6.9,15,1,0,0,0,0,1,0
2018.6.2,212,3845,2018,6,2,3.8,0.08,0,0,76.5,87,66,30,40,14.1,23,1,0,0,0,0,1,0
2018.6.3,122,5024.8115,2018,6,3,5.82,0.25,0,0,58.5,66,51,110,130,14.1,23,1,0,0,0,0,0,0
2018.6.4,95,2490.2526,2018,6,4,3.8,0.16,0,0,61,71,51,60,60,12.1,18.1,1,0,0,0,0,0,0
2018.6.5,71,3374.5915,2018,6,5,3.8,0,0,0,66.5,75,58,280,270,15,25.1,1,0,0,0,0,0,0
2018.6.6,65,5049.2462,2018,6,6,2.68,0,0,0,64.5,71,58,20,170,8.1,13,0,0,0,0,0,0,0
2018.6.7,60,5144,2018,6,7,2.46,0,0,0,65.5,71,60,170,160,8.9,17,0,0,0,0,0,0,0
2018.6.8,67,1644.806,2018,6,8,2.91,0,0,0,71,82,60,250,250,8.9,16.1,0,0,0,0,0,0,0
2018.6.9,244,4480.9262,2018,6,9,1.79,0,0,0,75,83,67,40,30,8.1,15,0,0,0,0,0,0,0
2018.6.10,65,3481.0615,2018,6,10,1.12,0.01,0,0,65.5,73,58,80,100,8.9,16.1,0,0,0,0,0,0,0
2018.6.11,73,1639.8493,2018,6,11,3.13,0,0,0,65.5,73,58,150,170,8.9,17,0,0,0,0,0,0,0
2018.6.12,93,3599.5914,2018,6,12,3.36,0,0,0,66,75,57,190,160,10.1,19,0,0,0,0,0,0,0
2018.6.13,40,2228.45,2018,6,13,3.58,0.04,0,0,70.5,78,63,260,260,12.1,18.1,1,0,0,0,0,1,0
2018.6.14,73,2127.5342,2018,6,14,6.93,0,0,0,75.5,84,67,300,290,15,27.1,0,0,0,0,0,0,0
2018.6.15,142,4222.7183,2018,6,15,3.13,0,0,0,69.5,76,63,300,290,13,19.9,0,0,0,0,0,1,0
2018.6.16,216,2256.0833,2018,6,16,2.24,0,0,0,74.5,85,64,290,280,8.1,12.1,0,0,0,0,0,0,0
2018.6.17,198,2343.303,2018,6,17,1.79,0,0,0,78.5,91,66,240,250,8.9,17,0,0,0,0,0,0,0
2018.6.18,51,1384.6275,2018,6,18,5.59,0.08,0,0,82,91,73,240,260,14.1,23.9,1,0,1,0,0,0,0
2018.6.19,74,2007.3378,2018,6,19,3.8,0.07,0,0,81.5,88,75,40,240,12.1,19.9,1,0,0,0,0,0,0
2018.6.20,79,1289.1519,2018,6,20,1.57,0.09,0,0,76,83,69,170,160,8.1,14.1,1,0,0,0,0,1,0
2018.6.21,58,1543.1034,2018,6,21,2.01,0.59,0,0,74,83,65,10,20,8.1,14.1,1,0,0,0,0,0,0
2018.6.22,74,1396.8919,2018,6,22,4.7,0.1,0,0,68.5,75,62,140,70,10.1,16.1,1,0,0,0,0,0,0
2018.6.23,134,1743.4701,2018,6,23,4.92,0,0,0,64,66,62,60,70,13,19.9,0,0,0,0,0,0,0
2018.6.24,241,3689.7842,2018,6,24,2.24,0,0,0,75,84,66,270,230,8.9,21,1,0,1,0,0,1,0
2018.6.25,85,2017.6353,2018,6,25,4.92,0,0,0,74,81,67,350,340,15,23.9,0,0,0,0,0,0,0
2018.6.26,99,2984.6061,2018,6,26,3.8,0,0,0,69.5,78,61,160,170,8.9,19,0,0,0,0,0,0,0
2018.6.27,75,1463.6267,2018,6,27,3.58,0.01,0,0,69.5,73,66,180,180,10.1,21,1,0,0,0,0,0,0
2018.6.28,52,2835.2885,2018,6,28,2.91,1.36,0,0,76.5,83,70,360,340,13,19.9,1,1,1,0,0,0,0
2018.6.29,90,2395.3444,2018,6,29,2.68,0,0,0,79.5,89,70,280,300,10.1,17,0,0,0,0,0,0,0
2018.6.30,162,2496.4136,2018,6,30,2.24,0,0,0,82.5,93,72,220,240,8.9,15,0,0,0,0,0,0,0
2018.7.1,141,2414.5106,2018,7,1,2.91,0,0,0,87.5,96,79,220,230,8.9,17,0,0,0,0,0,0,0
2018.7.2,95,2373.6737,2018,7,2,2.01,0,0,0,87,95,79,160,150,10.1,19.9,0,0,0,0,0,1,0
2018.7.3,78,1185.6538,2018,7,3,1.12,0.01,0,0,84.5,92,77,350,290,8.9,13,1,0,1,0,0,1,0
2018.7.4,316,2863.8703,2018,7,4,1.12,0,0,0,81.5,86,77,170,180,6.9,12.1,1,0,0,0,0,1,0
2018.7.5,82,3032.2073,2018,7,5,2.91,0,0,0,83,90,76,150,180,10.1,18.1,1,0,0,0,0,0,0
2018.7.6,69,1603.6377,2018,7,6,4.03,0.23,0,0,74.5,80,69,10,10,16.1,23,1,0,1,0,0,0,0
2018.7.7,244,2505.791,2018,7,7,5.37,0,0,0,70,78,62,80,80,15,23.9,0,0,0,0,0,0,0
2018.7.8,232,2694.7759,2018,7,8,2.01,0,0,0,73,84,62,160,150,8.1,13,0,0,0,0,0,0,0
2018.7.9,63,3092.6508,2018,7,9,2.68,0,0,0,77,87,67,160,180,8.9,14.1,0,0,0,0,0,0,0
2018.7.10,75,912.6133,2018,7,10,3.8,0,0,0,82.5,93,72,290,290,10.1,17,0,0,0,0,0,0,0
2018.7.11,73,2326.3699,2018,7,11,2.68,0,0,0,81,88,74,360,30,12.1,19,0,0,0,0,0,0,0
2018.7.12,62,2170.5323,2018,7,12,1.34,0.71,0,0,74,84,64,110,340,8.9,15,1,0,0,0,0,1,0
2018.7.13,86,8184.3605,2018,7,13,2.01,0,0,0,76,84,68,260,160,8.9,16.1,0,0,0,0,0,0,0
2018.7.14,272,3427.2831,2018,7,14,3.58,0.36,0,0,79,88,70,240,310,13,21.9,1,0,1,0,0,0,0
2018.7.15,155,4014.0516,2018,7,15,3.36,0.64,0,0,76,83,69,260,250,10.1,18.1,1,0,1,0,0,0,0
2018.7.16,91,2928.6374,2018,7,16,2.24,0,0,0,82.5,90,75,160,170,8.1,16.1,0,0,0,0,0,0,0
2018.7.17,30,2068.0667,2018,7,17,2.68,2.24,0,0,79,88,70,300,300,16.1,27.1,1,0,1,0,0,1,0
2018.7.18,94,1671.6489,2018,7,18,3.36,0,0,0,75.5,85,66,50,30,12.1,21.9,1,0,0,0,0,0,0
2018.7.19,61,2589.377,2018,7,19,2.24,0,0,0,74.5,83,66,70,70,8.9,14.1,0,0,0,0,0,0,0
2018.7.20,94,2174.7766,2018,7,20,2.01,0,0,0,75.5,82,69,160,160,8.1,16.1,0,0,0,0,0,0,0
2018.7.21,183,2123.1639,2018,7,21,5.82,0.63,0,0,72,79,65,60,100,15,21.9,1,0,0,0,0,0,0
2018.7.22,179,4044.7821,2018,7,22,3.36,1.06,0,0,74.5,79,70,140,130,14.1,30,1,1,0,0,0,0,0
2018.7.23,57,1325.7018,2018,7,23,4.47,0.17,0,0,76.5,80,73,170,170,12.1,25.9,1,0,0,0,0,0,0
2018.7.24,60,1313.1333,2018,7,24,5.14,0.02,0,0,78.5,82,75,170,170,14.1,25.9,1,0,0,0,0,0,0
2018.7.25,52,1034.4231,2018,7,25,3.8,0.73,0,0,74.5,77,72,240,240,13,32,1,0,0,0,0,0,0
2018.7.26,77,1210.5974,2018,7,26,3.36,0.03,0,0,78.5,85,72,250,250,8.1,12.1,1,0,0,0,0,0,0
2018.7.27,48,1023.4375,2018,7,27,2.46,0.25,0,0,77,86,68,310,320,12.1,21,1,0,1,0,0,0,0
2018.7.28,247,2275.4372,2018,7,28,1.12,0,0,0,77.5,85,70,270,250,8.1,12.1,1,0,0,0,0,1,0
2018.7.29,329,2582.2736,2018,7,29,2.01,0,0,0,76,82,70,280,290,8.9,13,0,0,0,0,0,0,0
2018.7.30,77,1918.8442,2018,7,30,1.34,0.37,0,0,73,78,68,100,160,6.9,12.1,1,0,0,0,0,1,0
2018.7.31,72,4412.7361,2018,7,31,1.57,0,0,0,75,82,68,160,150,8.1,15,0,0,0,0,0,0,0
2018.8.1,67,1133.8358,2018,8,1,2.46,0.1,0,0,79,84,74,290,300,13,23,1,0,0,0,0,0,0
2018.8.2,95,3841.4421,2018,8,2,2.68,0.51,0,0,81,86,76,230,240,10.1,19.9,1,0,1,0,0,0,0
2018.8.3,100,1629.67,2018,8,3,2.24,0.24,0,0,79,85,73,260,160,8.9,21,1,0,1,0,0,1,0
2018.8.4,160,2569.4,2018,8,4,2.68,0.74,0,0,78,84,72,280,250,8.9,13,1,0,0,0,0,0,0
2018.8.5,264,2197.8333,2018,8,5,1.12,0,0,0,82,91,73,240,270,6.9,12.1,0,0,0,0,0,0,0
2018.8.6,60,2074.1167,2018,8,6,2.01,0,0,0,84.5,92,77,260,280,10.1,17,0,0,0,0,0,0,0
2018.8.7,81,2624.6296,2018,8,7,3.8,0.05,0,0,82,90,74,300,310,10.1,21.9,1,0,1,0,0,1,0
2018.8.8,89,1876.6629,2018,8,8,1.57,0,0,0,83,90,76,250,160,8.1,14.1,0,0,0,0,0,0,0
2018.8.9,84,1866.9762,2018,8,9,2.91,0.61,0,0,79.5,86,73,290,280,12.1,21,1,0,1,0,0,1,0
2018.8.10,109,1999.4312,2018,8,10,1.34,0,0,0,79,86,72,250,280,8.1,12.1,0,0,0,0,0,0,0
2018.8.11,74,2881.2162,2018,8,11,2.01,2.9,0,0,75,80,70,240,270,10.1,19,1,1,1,0,0,0,0
2018.8.12,263,2323.6084,2018,8,12,2.91,0,0,0,78,84,72,70,70,10.1,17,1,0,1,0,0,0,0
2018.8.13,59,2641.8644,2018,8,13,3.36,0.66,0,0,73,75,71,60,80,12.1,19.9,1,0,0,0,0,0,0
2018.8.14,63,2324.254,2018,8,14,2.91,0.79,0,0,76.5,82,71,290,300,17,25.1,1,0,1,0,0,1,0
2018.8.15,68,2920.6765,2018,8,15,4.25,0,0,0,78,86,70,290,300,12.1,17,0,0,0,0,0,0,0
2018.8.16,89,1533.3258,2018,8,16,2.91,0,0,0,82,88,76,270,260,12.1,17,0,0,0,0,0,0,0
2018.8.17,65,1999.2154,2018,8,17,2.91,1.04,0,0,79.5,87,72,290,280,14.1,25.9,1,1,1,0,0,1,0
2018.8.18,140,1627.3286,2018,8,18,3.8,0.07,0,0,78,85,71,340,340,10.1,19.9,1,0,1,0,0,0,0
2018.8.19,116,4271.181,2018,8,19,4.7,0.02,0,0,69.5,72,67,70,70,13,19.9,1,0,0,0,0,0,0
2018.8.20,41,7241.2195,2018,8,20,2.68,0,0,0,70.5,74,67,70,70,10.1,17,1,0,0,0,0,0,0
2018.8.21,88,6033.7045,2018,8,21,3.58,0.11,0,0,72.5,79,66,140,130,8.9,16.1,1,0,1,0,0,0,0
2018.8.22,83,3963.7108,2018,8,22,4.03,0.72,0,0,76.5,82,71,360,360,12.1,19.9,1,0,0,0,0,0,0
2018.8.23,71,2490.0141,2018,8,23,3.8,0,0,0,71,77,65,350,340,10.1,16.1,0,0,0,0,0,0,0
2018.8.24,111,1914.5045,2018,8,24,1.12,0,0,0,73.5,82,65,270,180,8.1,14.1,0,0,0,0,0,0,0
2018.8.25,210,3075.481,2018,8,25,1.79,0,0,0,74,80,68,170,130,6.9,12.1,0,0,0,0,0,0,0
2018.8.26,200,2038.505,2018,8,26,3.36,0,0,0,76,83,69,260,240,13,18.1,0,0,0,0,0,0,0
2018.8.27,60,6478.3667,2018,8,27,2.46,0,0,0,81,88,74,260,270,8.1,12.1,0,0,0,0,0,0,0
2018.8.28,52,1737.2692,2018,8,28,3.8,0,0,0,86.5,94,79,280,250,12.1,19.9,0,0,0,0,0,1,0
2018.8.29,65,1304.3692,2018,8,29,4.92,0,0,0,86.5,92,81,270,260,14.1,19.9,0,0,0,0,0,0,0
2018.8.30,65,2252.7231,2018,8,30,4.47,0,0,0,84,90,78,350,240,12.1,17,0,0,0,0,0,0,0
2018.8.31,66,6267.5758,2018,8,31,3.8,0.03,0,0,73.5,78,69,60,70,10.1,18.1,1,0,0,0,0,0,0
2018.9.1,197,4367.5178,2018,9,1,2.46,0,0,0,73.5,78,69,120,110,8.1,15,0,0,0,0,0,0,0
2018.9.2,365,2430.3507,2018,9,2,2.01,0,0,0,74.5,81,68,150,140,8.9,14.1,0,0,0,0,0,0,0
2018.9.3,262,3368.9695,2018,9,3,2.68,0,0,0,82.5,90,75,270,180,8.9,13,0,0,0,0,0,0,0
2018.9.4,47,5053.1702,2018,9,4,2.01,0,0,0,84.5,92,77,360,300,6.9,11,0,0,0,0,0,0,0
2018.9.5,75,1649.08,2018,9,5,1.34,0,0,0,83,89,77,230,190,6,16.1,0,0,0,0,0,0,0
2018.9.6,83,1309.0482,2018,9,6,2.91,0.36,0,0,83,93,73,10,30,16.1,31.1,1,0,1,0,0,1,0
2018.9.7,80,2965.9625,2018,9,7,6.26,0,0,0,72,75,69,60,50,14.1,19.9,1,0,0,0,0,0,0
2018.9.8,127,1655.7008,2018,9,8,6.26,0.02,0,0,66,71,61,40,50,15,21,0,0,0,0,0,0,0
2018.9.9,22,1261.0909,2018,9,9,6.04,0.45,0,0,58.5,62,55,40,60,13,21.9,1,0,0,0,0,0,0
2018.9.10,8,830.375,2018,9,10,6.93,0.93,0,0,59,64,54,60,60,13,21,1,0,0,0,0,0,0
2018.9.11,32,1380.7812,2018,9,11,1.34,0.02,0,0,68,74,62,30,20,8.1,11,1,0,0,0,0,1,0
2018.9.12,34,1177.4412,2018,9,12,0.22,0.15,0,0,74,77,71,30,40,4.9,6.9,1,0,0,0,0,1,0
2018.9.13,73,1262.3288,2018,9,13,0,0.13,0,0,72.5,76,69,0,0,0,0,1,0,0,0,0,0,0
2018.9.14,61,2953.1639,2018,9,14,0,0,0,0,71.5,75,68,0,0,0,0,1,0,0,0,0,0,0
2018.9.15,219,5487.3105,2018,9,15,0,0,0,0,73.5,80,67,0,0,0,0,0,0,0,0,0,0,0
2018.9.16,328,2232.375,2018,9,16,0,0,0,0,75.5,84,67,0,0,0,0,0,0,0,0,0,0,0
2018.9.17,54,2306.7963,2018,9,17,0,0.01,0,0,73.5,79,68,170,150,6.9,13,0,0,0,0,0,0,0
2018.9.18,37,766.6486,2018,9,18,2.01,1.19,0,0,74.5,79,70,50,240,10.1,21.9,1,0,1,0,0,0,0
2018.9.19,97,1591.4433,2018,9,19,3.58,0,0,0,74.5,81,68,60,20,10.1,17,0,0,0,0,0,0,0
2018.9.20,89,2168.2022,2018,9,20,2.46,0,0,0,68.5,72,65,60,50,10.1,16.1,0,0,0,0,0,0,0
2018.9.21,74,2356.0541,2018,9,21,2.01,0,0,0,69.5,72,67,170,200,8.1,17,0,0,0,0,0,0,0
2018.9.22,234,2197.9615,2018,9,22,5.14,0,0,0,68,74,62,40,220,10.1,21.9,0,0,0,0,0,0,0
2018.9.23,111,6869.7207,2018,9,23,3.13,0,0,0,63,66,60,60,40,8.9,13,0,0,0,0,0,0,0
2018.9.24,57,1410.5965,2018,9,24,7.16,0,0,0,63,69,57,50,90,16.1,23,0,0,0,0,0,0,0
2018.9.25,11,906.5455,2018,9,25,3.36,1.95,0,0,66,73,59,50,90,12.1,21.9,1,0,0,0,0,0,0
2018.9.26,88,2458.1136,2018,9,26,1.79,0.21,0,0,75.5,82,69,290,260,10.1,19,1,0,1,0,0,0,0
2018.9.27,74,6800.7838,2018,9,27,4.25,0,0,0,66.5,72,61,10,20,13,19,0,0,0,0,0,1,0
2018.9.28,42,967.5714,2018,9,28,3.8,0.77,0,0,60.5,65,56,50,30,14.1,19.9,1,0,0,0,0,0,0
2018.9.29,285,2370.1018,2018,9,29,2.46,0,0,0,65,72,58,330,300,8.1,13,0,0,0,0,0,0,0
2018.9.30,258,2794.5814,2018,9,30,2.46,0,0,0,62,70,54,270,40,8.1,12.1,0,0,0,0,0,0,0
2018.10.1,57,1855.4386,2018,10,1,2.01,0,0,0,69.5,76,63,240,230,8.9,16.1,0,0,0,0,0,0,0
2018.10.2,56,4868.0536,2018,10,2,2.01,0.69,0,0,71,77,65,300,310,14.1,23.9,1,0,1,0,0,1,0
2018.10.3,85,1706.7882,2018,10,3,2.46,0,0,0,68.5,74,63,290,300,8.9,15,0,0,0,0,0,0,0
2018.10.4,62,4213.5806,2018,10,4,0.89,0.04,0,0,68.5,76,61,230,200,8.9,14.1,1,0,0,0,0,0,0
2018.10.5,74,7640.2297,2018,10,5,3.58,0,0,0,65.5,71,60,20,50,13,18.1,0,0,0,0,0,0,0
2018.10.6,101,3709.3267,2018,10,6,1.12,0,0,0,65.5,68,63,240,260,6.9,12.1,1,0,0,0,0,1,0
2018.10.7,221,2629.3122,2018,10,7,2.46,0,0,0,73,79,67,270,250,8.1,14.1,1,0,0,0,0,0,0
2018.10.8,64,1324.75,2018,10,8,4.03,0,0,0,69,74,64,50,60,12.1,17,1,0,0,0,0,0,0
2018.10.9,71,1235.1831,2018,10,9,0.67,0,0,0,71.5,77,66,230,220,8.9,15,1,0,0,0,0,0,0
2018.10.10,75,1544.8667,2018,10,10,2.68,0,0,0,75.5,80,71,260,230,8.1,14.1,1,0,0,0,0,1,0
2018.10.11,32,799.3438,2018,10,11,1.34,0.84,0,0,73,77,69,280,260,8.9,15,1,0,1,0,0,0,0
2018.10.12,68,2154.6765,2018,10,12,5.82,0.43,0,0,59.5,68,51,290,300,16.1,30,1,0,0,0,0,0,0
2018.10.13,211,1444.0664,2018,10,13,0,0.1,0,0,50.5,55,46,0,0,0,0,1,0,0,0,0,0,0
2018.10.14,126,2919.9444,2018,10,14,0,0,0,0,52.5,58,47,0,0,0,0,0,0,0,0,0,0,0
2018.10.15,24,1097.7083,2018,10,15,0,0.05,0,0,60,68,52,0,0,0,0,1,0,0,0,0,0,0
2018.10.16,60,1413.7833,2018,10,16,0,0.01,0,0,53.5,60,47,0,0,0,0,0,0,0,0,0,0,0
2018.10.17,42,1400.9762,2018,10,17,0,0,0,0,53.5,61,46,0,0,0,0,0,0,0,0,0,0,0
2018.10.18,28,4005,2018,10,18,0,0,0,0,46,50,42,0,0,0,0,0,0,0,0,0,0,0
2018.10.19,52,4626.2692,2018,10,19,0,0,0,0,51.5,60,43,0,0,0,0,0,0,0,0,0,0,0
2018.10.20,88,1625.0795,2018,10,20,0,0.06,0,0,56.5,62,51,0,0,0,0,0,0,0,0,0,0,0
2018.10.21,38,4949.6579,2018,10,21,0,0,0,0,45,51,39,0,0,0,0,0,0,0,0,0,0,0
2018.10.22,29,2083.1034,2018,10,22,0,0,0,0,44.5,50,39,0,0,0,0,0,0,0,0,0,0,0
2018.10.23,35,6006.8,2018,10,23,0,0,0,0,56,63,49,0,0,0,0,0,0,0,0,0,0,0
2018.10.24,34,1325.6176,2018,10,24,0,0,0,0,49,54,44,0,0,0,0,0,0,0,0,0,0,0
2018.10.25,45,1474.0444,2018,10,25,0,0,0,0,45.5,51,40,0,0,0,0,0,0,0,0,0,0,0
2018.10.26,34,967.8235,2018,10,26,0,0,0,0,44,50,38,0,0,0,0,0,0,0,0,0,1,0
2018.10.27,4,808,2018,10,27,0,1.27,0,0,47.5,51,44,0,0,0,0,1,0,0,0,0,0,0
2018.10.28,80,5524.7875,2018,10,28,0,0.07,0,0,48.5,52,45,0,0,0,0,1,0,0,0,0,0,0
2018.10.29,26,3632.1923,2018,10,29,0,0.03,0,0,51.5,56,47,0,0,0,0,1,0,0,0,0,0,0
2018.10.30,32,1521.2812,2018,10,30,0,0,0,0,48.5,55,42,0,0,0,0,0,0,0,0,0,0,0
2018.10.31,50,1969.68,2018,10,31,0,0,0,0,54,64,44,0,0,0,0,0,0,0,0,0,0,0