date,Bike,I,year,month,day,AWND,PRCP,TAVG
2015.9.21,169,0,2015,9,21,7.61,0,66
2015.9.22,348,0,2015,9,22,6.93,0,66.5
2015.9.23,442,0,2015,9,23,2.91,0,69.5
2015.9.24,433,0,2015,9,24,4.25,0,71
2015.9.25,441,0,2015,9,25,6.26,0,69.5
2015.9.26,446,0,2015,9,26,6.04,0,66.5
2015.9.27,396,0,2015,9,27,4.92,0,63.5
2015.9.28,450,0,2015,9,28,3.36,0,71.5
2015.9.29,439,0,2015,9,29,2.68,0.11,77.5
2015.9.30,380,0,2015,9,30,8.28,1.26,69
2015.10.1,345,0,2015,10,1,8.72,0.09,60
2015.10.2,125,0,2015,10,2,12.53,1.08,52.5
2015.10.3,188,0,2015,10,3,11.41,0.35,52
2015.10.4,366,0,2015,10,4,10.74,0,58
2015.10.5,459,0,2015,10,5,6.26,0,59.5
2015.10.6,520,0,2015,10,6,1.57,0,62.5
2015.10.7,496,0,2015,10,7,2.91,0,65.5
2015.10.8,509,0,2015,10,8,3.36,0,65.5
2015.10.9,381,0,2015,10,9,4.03,0.89,69.5
2015.10.10,419,0,2015,10,10,2.46,0,57.5
2015.10.11,350,0,2015,10,11,3.8,0,61
2015.10.12,442,0,2015,10,12,3.8,0,66.5
2015.10.13,524,0,2015,10,13,3.58,0.01,66.5
2015.10.14,522,0,2015,10,14,3.8,0,63
2015.10.15,529,0,2015,10,15,4.03,0,57.5
2015.10.16,476,0,2015,10,16,5.37,0,58.5
2015.10.17,304,0,2015,10,17,5.82,0,49
2015.10.18,251,0,2015,10,18,4.92,0,44
2015.10.19,425,0,2015,10,19,3.8,0,44
2015.10.20,488,0,2015,10,20,6.04,0,59
2015.10.21,514,0,2015,10,21,2.24,0,66.5
2015.10.22,475,0,2015,10,22,4.7,0,66.5
2015.10.23,451,0,2015,10,23,6.71,0,55
2015.10.24,325,0,2015,10,24,4.03,0,48.5
2015.10.25,311,0,2015,10,25,4.92,0.05,58
2015.10.26,495,0,2015,10,26,3.8,0,52
2015.10.27,447,0,2015,10,27,4.47,0,52
2015.10.28,256,0,2015,10,28,6.71,1.4,61
2015.10.29,501,0,2015,10,29,6.49,0.04,65
2015.10.30,464,0,2015,10,30,5.82,0,54.5
2015.10.31,319,0,2015,10,31,2.91,0,49
2015.11.1,291,0,2015,11,1,4.92,0,59.5
2015.11.2,490,0,2015,11,2,2.01,0,58.5
2015.11.3,507,0,2015,11,3,2.46,0,60
2015.11.4,492,0,2015,11,4,2.46,0,63
2015.11.5,484,0,2015,11,5,2.01,0.01,63.5
2015.11.6,532,0,2015,11,6,4.7,0,70
2015.11.7,322,0,2015,11,7,4.47,0,62.5
2015.11.8,304,0,2015,11,8,3.58,0,51
2015.11.9,425,0,2015,11,9,2.01,0,51
2015.11.10,283,0,2015,11,10,9.84,0.26,54
2015.11.11,421,0,2015,11,11,4.92,0.43,53.5
2015.11.12,414,0,2015,11,12,5.59,0.01,56
2015.11.13,420,0,2015,11,13,10.74,0,52
2015.11.14,242,0,2015,11,14,7.83,0,45.5
2015.11.15,248,0,2015,11,15,4.7,0,48.5
2015.11.16,513,0,2015,11,16,4.03,0,59
2015.11.17,432,0,2015,11,17,6.26,0,46
2015.11.18,445,0,2015,11,18,5.14,0,52
2015.11.19,282,0,2015,11,19,5.59,1.25,60.5
2015.11.20,477,0,2015,11,20,5.82,0,55
2015.11.21,257,0,2015,11,21,6.49,0,47.5
2015.11.22,241,0,2015,11,22,6.26,0.03,48.5
2015.11.23,359,0,2015,11,23,5.82,0,38.5
2015.11.24,371,0,2015,11,24,3.8,0,39
2015.11.25,352,0,2015,11,25,2.68,0,43
2015.11.26,131,0,2015,11,26,2.91,0,50.5
2015.11.27,258,0,2015,11,27,3.8,0,57.5
2015.11.28,180,0,2015,11,28,0,0.02,54.5
2015.11.29,163,0,2015,11,29,0,0,43.5
2015.11.30,382,0,2015,11,30,5.59,0,40
2015.12.1,239,0,2015,12,1,6.71,0.33,47.5
2015.12.2,265,0,2015,12,2,2.91,0.14,51.5
2015.12.3,376,0,2015,12,3,8.5,0,49.5
2015.12.4,390,0,2015,12,4,4.25,0,46.5
2015.12.5,241,0,2015,12,5,2.24,0,45.5
2015.12.6,207,0,2015,12,6,3.36,0,46
2015.12.7,392,0,2015,12,7,3.8,0,48
2015.12.8,364,0,2015,12,8,4.47,0,45
2015.12.9,380,0,2015,12,9,4.25,0,47.5
2015.12.10,405,0,2015,12,10,4.25,0,55.5
2015.12.11,367,0,2015,12,11,4.7,0,55.5
2015.12.12,242,0,2015,12,12,2.01,0,60.5
2015.12.13,255,0,2015,12,13,3.36,0,61
2015.12.14,378,0,2015,12,14,4.7,0.33,60
2015.12.15,423,0,2015,12,15,10.51,0.09,60.5
2015.12.16,376,0,2015,12,16,5.37,0.04,49.5
2015.12.17,287,0,2015,12,17,4.92,1.21,54.5
2015.12.18,372,0,2015,12,18,6.71,0,47.5
2015.12.19,193,0,2015,12,19,9.4,0,37.5
2015.12.20,176,0,2015,12,20,6.04,0,38.5
2015.12.21,369,0,2015,12,21,7.16,0,47.5
2015.12.22,303,0,2015,12,22,4.92,0.19,57.5
2015.12.23,212,0,2015,12,23,3.58,1.55,58
2015.12.24,211,0,2015,12,24,4.47,0.01,67.5
2015.12.25,102,0,2015,12,25,0.89,0.01,61.5
2015.12.26,151,0,2015,12,26,8.05,0,53
2015.12.27,149,0,2015,12,27,5.82,0.12,53.5
2015.12.28,205,0,2015,12,28,8.28,0.03,40
2015.12.29,178,0,2015,12,29,6.93,0.45,40
2015.12.30,276,0,2015,12,30,4.03,0.19,43
2015.12.31,251,0,2015,12,31,5.37,0.03,45
2016.1.1,116,0,2016,1,1,7.61,0,38
2016.1.2,140,0,2016,1,2,6.71,0,36
2016.1.3,160,0,2016,1,3,7.83,0,40
2016.1.4,219,0,2016,1,4,8.5,0,25
2016.1.5,211,0,2016,1,5,5.14,0,20
2016.1.6,263,0,2016,1,6,3.58,0,33
2016.1.7,349,0,2016,1,7,2.46,0,38.5
2016.1.8,327,0,2016,1,8,4.25,0,38.5
2016.1.9,212,0,2016,1,9,8.05,0,43.5
2016.1.10,151,0,2016,1,10,9.84,1.8,49.5
2016.1.11,257,0,2016,1,11,10.51,0,33
2016.1.12,285,0,2016,1,12,6.04,0,34.5
2016.1.13,258,0,2016,1,13,9.84,0,26
2016.1.14,261,0,2016,1,14,4.92,0,30
2016.1.15,309,0,2016,1,15,5.14,0,42.5
2016.1.16,216,0,2016,1,16,6.71,0.24,47
2016.1.17,120,0,2016,1,17,5.59,0.05,36
2016.1.18,124,0,2016,1,18,11.86,0,24.5
2016.1.19,224,0,2016,1,19,10.96,0,22
2016.1.20,292,0,2016,1,20,5.59,0,32
2016.1.21,270,0,2016,1,21,6.04,0,31
2016.1.22,237,0,2016,1,22,6.49,0.01,25.5
2016.1.27,85,0,2016,1,27,6.71,0,40.5
2016.1.28,175,0,2016,1,28,4.47,0,37
2016.1.29,187,0,2016,1,29,7.83,0,35.5
2016.1.30,112,0,2016,1,30,6.93,0,33.5
2016.1.31,137,0,2016,1,31,5.14,0,46
2016.2.1,264,0,2016,2,1,5.82,0.01,51.5
2016.2.2,305,0,2016,2,2,3.58,0,44
2016.2.3,222,0,2016,2,3,6.49,0.73,50.5
2016.2.4,280,0,2016,2,4,5.82,0,51.5
2016.2.5,142,0,2016,2,5,8.28,0.53,37.5
2016.2.6,171,0,2016,2,6,5.59,0,35
2016.2.7,149,0,2016,2,7,5.37,0,40
2016.2.8,237,0,2016,2,8,10.51,0.05,33.5
2016.2.9,240,0,2016,2,9,4.03,0,31.5
2016.2.10,237,0,2016,2,10,5.82,0.01,35
2016.2.11,209,0,2016,2,11,10.07,0,24.5
2016.2.12,196,0,2016,2,12,6.71,0,21
2016.2.13,49,0,2016,2,13,12.3,0,14
2016.2.14,42,0,2016,2,14,6.26,0,7
2016.2.15,75,0,2016,2,15,5.37,0.44,24
2016.2.16,184,0,2016,2,16,7.83,1.01,44.5
2016.2.17,280,0,2016,2,17,7.38,0,37
2016.2.18,274,0,2016,2,18,7.16,0,31.5
2016.2.19,267,0,2016,2,19,5.37,0,31.5
2016.2.20,233,0,2016,2,20,7.38,0,50
2016.2.21,199,0,2016,2,21,4.92,0.03,49.5
2016.2.22,322,0,2016,2,22,5.14,0,45
2016.2.23,245,0,2016,2,23,14.54,0.3,37.5
2016.2.24,140,0,2016,2,24,10.51,1.22,48
2016.2.25,300,0,2016,2,25,8.95,0.02,49
2016.2.26,287,0,2016,2,26,8.72,0,33
2016.2.27,167,0,2016,2,27,6.04,0,33.5
2016.2.28,253,0,2016,2,28,7.38,0,49
2016.2.29,314,0,2016,2,29,8.5,0.05,54
2016.3.1,349,0,2016,3,1,7.61,0,45.5
2016.3.2,292,0,2016,3,2,10.51,0.14,42
2016.3.3,295,0,2016,3,3,5.82,0,31
2016.3.4,194,0,2016,3,4,8.72,0.11,34.5
2016.3.5,185,0,2016,3,5,4.25,0,34.5
2016.3.6,155,0,2016,3,6,3.36,0,38
2016.3.7,339,0,2016,3,7,7.83,0,48
2016.3.8,390,0,2016,3,8,3.36,0,57
2016.3.9,425,0,2016,3,9,2.24,0,60.5
2016.3.10,464,0,2016,3,10,4.92,0,71
2016.3.11,403,0,2016,3,11,6.04,0.06,58
2016.3.12,271,0,2016,3,12,5.14,0,49.5
2016.3.13,224,0,2016,3,13,3.58,0,56
2016.3.14,175,0,2016,3,14,14.09,0.29,45.5
2016.3.15,404,0,2016,3,15,5.37,0,50.5
2016.3.16,420,0,2016,3,16,3.58,0.02,56.5
2016.3.17,435,0,2016,3,17,4.92,0,54
2016.3.18,390,0,2016,3,18,8.72,0,49.5
2016.3.19,225,0,2016,3,19,5.14,0,41
2016.3.20,177,0,2016,3,20,9.62,0.07,37.5
2016.3.21,332,0,2016,3,21,8.05,0.06,41
2016.3.22,377,0,2016,3,22,6.93,0,45.5
2016.3.23,430,0,2016,3,23,6.04,0,59.5
2016.3.24,397,0,2016,3,24,9.17,0,49.5
2016.3.25,351,0,2016,3,25,3.8,0.04,58
2016.3.26,240,0,2016,3,26,6.49,0,46.5
2016.3.27,173,0,2016,3,27,5.59,0,49
2016.3.28,245,0,2016,3,28,10.07,0.38,52
2016.3.29,326,0,2016,3,29,11.63,0,46.5
2016.3.30,403,0,2016,3,30,5.37,0,46.5
2016.3.31,438,0,2016,3,31,6.71,0,61
2016.4.1,398,0,2016,4,1,6.71,0.02,70
2016.4.2,214,0,2016,4,2,4.92,0.16,55
2016.4.3,141,0,2016,4,3,12.75,0.09,42
2016.4.4,211,0,2016,4,4,7.16,0.47,37
2016.4.5,325,0,2016,4,5,8.28,0,34.5
2016.4.6,367,0,2016,4,6,6.04,0,39
2016.4.7,369,0,2016,4,7,6.93,0.09,53
2016.4.8,352,0,2016,4,8,7.16,0.01,45
2016.4.9,145,0,2016,4,9,6.49,0.11,39.5
2016.4.10,183,0,2016,4,10,4.92,0,40.5
2016.4.11,401,0,2016,4,11,6.93,0.01,54
2016.4.12,337,0,2016,4,12,5.82,0.2,52
2016.4.13,451,0,2016,4,13,4.47,0,49
2016.4.14,456,0,2016,4,14,6.49,0,52.5
2016.4.15,450,0,2016,4,15,3.8,0,53.5
2016.4.16,302,0,2016,4,16,4.92,0,55.5
2016.4.17,310,0,2016,4,17,2.91,0,59.5
2016.4.18,500,0,2016,4,18,3.8,0,66.5
2016.4.19,513,0,2016,4,19,7.61,0,64
2016.4.20,492,0,2016,4,20,6.04,0,59
2016.4.21,523,0,2016,4,21,5.59,0,61
2016.4.22,535,0,2016,4,22,4.25,0,70.5
2016.4.23,280,0,2016,4,23,7.16,0.16,62.5
2016.4.24,321,0,2016,4,24,5.82,0,57.5
2016.4.25,532,0,2016,4,25,4.03,0,59.5
2016.4.26,477,0,2016,4,26,7.16,0.24,53.5
2016.4.27,505,0,2016,4,27,4.25,0,54
2016.4.28,472,0,2016,4,28,4.7,0,53.5
2016.4.29,435,0,2016,4,29,5.82,0.05,51.5
2016.4.30,344,0,2016,4,30,5.82,0,55.5
2016.5.1,148,0,2016,5,1,4.92,0.16,48
2016.5.2,456,0,2016,5,2,2.24,0.04,52.5
2016.5.3,338,0,2016,5,3,6.04,0.61,53.5
2016.5.4,445,0,2016,5,4,8.72,0.01,50
2016.5.5,500,0,2016,5,5,8.28,0,51.5
2016.5.6,278,0,2016,5,6,7.83,0.54,51
2016.5.7,308,0,2016,5,7,4.47,0,54
2016.5.8,263,0,2016,5,8,4.7,0.16,57.5
2016.5.9,557,0,2016,5,9,5.14,0,62
2016.5.10,518,0,2016,5,10,4.92,0,56.5
2016.5.11,550,0,2016,5,11,2.46,0,63
2016.5.12,606,0,2016,5,12,3.36,0,68
2016.5.13,429,0,2016,5,13,0,0.25,61
2016.5.14,400,0,2016,5,14,0,0,64.5
2016.5.15,250,0,2016,5,15,0,0,52.5
2016.5.16,536,0,2016,5,16,0,0,54.5
2016.5.17,518,0,2016,5,17,3.8,0,58
2016.5.18,535,0,2016,5,18,0,0,60
2016.5.19,574,0,2016,5,19,1.34,0,63.5
2016.5.20,534,0,2016,5,20,4.47,0,64.5
2016.5.21,276,0,2016,5,21,3.8,0.04,60
2016.5.22,359,0,2016,5,22,3.58,0.09,61
2016.5.23,607,0,2016,5,23,2.46,0.02,67
2016.5.24,528,0,2016,5,24,2.01,0.18,65.5
2016.5.25,655,0,2016,5,25,4.25,0,74.5
2016.5.26,609,0,2016,5,26,3.58,0,79.5
2016.5.27,554,0,2016,5,27,3.8,0,80
2016.5.28,339,0,2016,5,28,4.47,0,81.5
2016.5.29,314,0,2016,5,29,4.92,0,78.5
2016.5.30,325,0,2016,5,30,3.13,1.65,75
2016.5.31,608,0,2016,5,31,3.13,0,78
2016.6.1,639,0,2016,6,1,6.04,0,74.5
2016.6.2,634,0,2016,6,2,4.7,0,70
2016.6.3,481,0,2016,6,3,1.34,0.04,66.5
2016.6.4,348,0,2016,6,4,2.46,0.4,74.5
2016.6.5,268,0,2016,6,5,3.36,0.91,68
2016.6.6,600,0,2016,6,6,5.59,0,74
2016.6.7,649,0,2016,6,7,5.14,0,74.5
2016.6.8,541,0,2016,6,8,7.61,0.45,59.5
2016.6.9,592,0,2016,6,9,8.95,0,62.5
2016.6.10,620,0,2016,6,10,5.37,0,67
2016.6.11,368,0,2016,6,11,3.36,0,73.5
2016.6.12,364,0,2016,6,12,8.05,0,72.5
2016.6.13,626,0,2016,6,13,7.38,0,65.5
2016.6.14,655,0,2016,6,14,4.25,0,68.5
2016.6.15,639,0,2016,6,15,2.46,0,73.5
2016.6.16,604,0,2016,6,16,1.79,0.22,69.5
2016.6.17,661,0,2016,6,17,4.7,0,70.5
2016.6.18,385,0,2016,6,18,2.68,0,74
2016.6.19,435,0,2016,6,19,2.91,0,77
2016.6.20,652,0,2016,6,20,3.13,0,74
2016.6.21,652,0,2016,6,21,4.92,0,79.5
2016.6.22,727,0,2016,6,22,4.03,0,77
2016.6.23,701,0,2016,6,23,2.01,0,76
2016.6.24,683,0,2016,6,24,6.26,0,75.5
2016.6.25,476,0,2016,6,25,3.58,0,75
2016.6.26,402,0,2016,6,26,2.46,0,77
2016.6.27,612,0,2016,6,27,4.92,0.45,75
2016.6.28,660,0,2016,6,28,3.58,0.12,72
2016.6.29,704,0,2016,6,29,2.24,0.01,75
2016.6.30,641,0,2016,6,30,2.91,0,76
2016.7.1,536,0,2016,7,1,3.36,0.83,72.5
2016.7.2,337,0,2016,7,2,5.37,0,69.5
2016.7.3,347,0,2016,7,3,3.13,0,71
2016.7.4,373,0,2016,7,4,3.13,0.49,75
2016.7.5,620,0,2016,7,5,2.91,0.66,77.5
2016.7.6,674,0,2016,7,6,2.46,0,83
2016.7.7,649,0,2016,7,7,2.01,0.04,83
2016.7.8,607,0,2016,7,8,5.37,0.08,76.5
2016.7.9,401,0,2016,7,9,4.03,0.53,68.5
2016.7.10,440,0,2016,7,10,4.25,0,73
2016.7.11,629,0,2016,7,11,3.36,0,73
2016.7.12,723,0,2016,7,12,4.25,0,75
2016.7.13,731,0,2016,7,13,4.7,0,78
2016.7.14,682,0,2016,7,14,2.91,0.62,80.5
2016.7.15,633,0,2016,7,15,4.47,0,83.5
2016.7.16,410,0,2016,7,16,4.25,0,82.5
2016.7.17,408,0,2016,7,17,2.68,0,82
2016.7.18,574,0,2016,7,18,5.82,0.35,82.5
2016.7.19,650,0,2016,7,19,4.92,0,78
2016.7.20,690,0,2016,7,20,3.13,0,76.5
2016.7.21,672,0,2016,7,21,5.14,0,80.5
2016.7.22,659,0,2016,7,22,6.49,0,84
2016.7.23,442,0,2016,7,23,4.92,0,88
2016.7.24,422,0,2016,7,24,4.03,0,84.5
2016.7.25,531,0,2016,7,25,3.36,1,83
2016.7.26,712,0,2016,7,26,4.25,0,80.5
2016.7.27,714,0,2016,7,27,2.01,0,82.5
2016.7.28,670,0,2016,7,28,3.13,0,85
2016.7.29,547,0,2016,7,29,4.25,1.09,77
2016.7.30,388,0,2016,7,30,3.58,0.25,78.5
2016.7.31,432,0,2016,7,31,4.25,1.08,74.5
2016.8.1,756,0,2016,8,1,4.92,0,74.5
2016.8.2,819,0,2016,8,2,6.93,0,73.5
2016.8.3,876,0,2016,8,3,2.91,0,73
2016.8.4,906,0,2016,8,4,2.01,0,74
2016.8.5,877,0,2016,8,5,3.8,0,76
2016.8.6,506,0,2016,8,6,5.14,0.05,79.5
2016.8.7,510,0,2016,8,7,4.03,0,78
2016.8.8,840,0,2016,8,8,1.34,0,78.5
2016.8.9,913,0,2016,8,9,2.68,0,79
2016.8.10,846,0,2016,8,10,4.03,0.09,80.5
2016.8.11,803,0,2016,8,11,4.47,0.15,82.5
2016.8.12,804,0,2016,8,12,5.14,0.32,83
2016.8.13,455,0,2016,8,13,4.03,0,88.5
2016.8.14,489,0,2016,8,14,3.8,0.06,86
2016.8.15,872,0,2016,8,15,2.91,0,84.5
2016.8.16,794,0,2016,8,16,4.03,0.11,82.5
2016.8.17,895,0,2016,8,17,5.37,0.01,81
2016.8.18,834,0,2016,8,18,1.57,0.03,78.5
2016.8.19,807,0,2016,8,19,2.24,0.01,81
2016.8.20,557,0,2016,8,20,4.7,0.82,76.5
2016.8.21,390,0,2016,8,21,4.25,0.31,79.5
2016.8.22,847,0,2016,8,22,5.82,0,72
2016.8.23,848,0,2016,8,23,1.79,0,71.5
2016.8.24,859,0,2016,8,24,0,0,78
2016.8.25,852,0,2016,8,25,0,0.01,77.5
2016.8.26,917,0,2016,8,26,0,0,82.5
2016.8.27,623,0,2016,8,27,2.68,0,81
2016.8.28,604,0,2016,8,28,2.46,0,80.5
2016.8.29,833,0,2016,8,29,5.37,0,82.5
2016.8.30,892,0,2016,8,30,3.13,0,77.5
2016.8.31,856,0,2016,8,31,3.36,0,81.5
2016.9.1,676,0,2016,9,1,1.79,0.5,74
2016.9.2,834,0,2016,9,2,6.04,0,73.5
2016.9.3,454,0,2016,9,3,6.71,0,70.5
2016.9.4,475,0,2016,9,4,6.71,0,72.5
2016.9.5,521,0,2016,9,5,7.61,0,74.5
2016.9.6,893,0,2016,9,6,9.62,0,75.5
2016.9.7,922,0,2016,9,7,6.49,0,78
2016.9.8,908,0,2016,9,8,2.68,0,80
2016.9.9,903,0,2016,9,9,3.8,0.22,83
2016.9.10,593,0,2016,9,10,4.03,0,82
2016.9.11,554,0,2016,9,11,5.82,0,75
2016.9.12,897,0,2016,9,12,4.25,0,70
2016.9.13,995,0,2016,9,13,4.03,0,73.5
2016.9.14,898,0,2016,9,14,4.92,0.56,79
2016.9.15,965,0,2016,9,15,4.92,0,67.5
2016.9.16,968,0,2016,9,16,2.68,0,67
2016.9.17,621,0,2016,9,17,3.36,0,68
2016.9.18,595,0,2016,9,18,3.58,0,76
2016.9.19,556,0,2016,9,19,2.46,0.68,72.5
2016.9.20,977,0,2016,9,20,2.24,0,75
2016.9.21,931,0,2016,9,21,3.8,0,76
2016.9.22,994,0,2016,9,22,2.46,0,75.5
2016.9.23,934,0,2016,9,23,1.79,0.01,75.5
2016.9.24,640,0,2016,9,24,5.14,0.2,64.5
2016.9.25,651,0,2016,9,25,2.91,0,62
2016.9.26,928,0,2016,9,26,4.47,0,64
2016.9.27,916,0,2016,9,27,3.13,0.22,69
2016.9.28,880,0,2016,9,28,8.05,0,62.5
2016.9.29,841,0,2016,9,29,11.18,0,60.5
2016.9.30,372,0,2016,9,30,9.62,0.4,57.5
2016.10.1,500,0,2016,10,1,7.61,0,59
2016.10.2,522,0,2016,10,2,2.68,0,60
2016.10.3,849,0,2016,10,3,2.24,0,66
2016.10.4,915,0,2016,10,4,7.61,0,64.5
2016.10.5,950,0,2016,10,5,4.7,0,60
2016.10.6,882,0,2016,10,6,2.01,0,64
2016.10.7,842,0,2016,10,7,2.46,0,66
2016.10.8,415,0,2016,10,8,2.01,0.23,63
2016.10.9,272,0,2016,10,9,7.38,0.55,58
2016.10.10,729,0,2016,10,10,4.7,0,55.5
2016.10.11,840,0,2016,10,11,3.58,0,54.5
2016.10.12,947,0,2016,10,12,1.12,0,59.5
2016.10.13,880,0,2016,10,13,2.91,0,60
2016.10.14,836,0,2016,10,14,4.7,0,54.5
2016.10.15,591,0,2016,10,15,3.13,0,55
2016.10.16,509,0,2016,10,16,4.03,0,61
2016.10.17,915,0,2016,10,17,2.68,0,72
2016.10.18,913,0,2016,10,18,4.03,0,74
2016.10.19,908,0,2016,10,19,4.47,0,75
2016.10.20,889,0,2016,10,20,6.26,0,66
2016.10.21,598,0,2016,10,21,2.24,1.11,63
2016.10.22,329,0,2016,10,22,10.51,0.29,52
2016.10.23,422,0,2016,10,23,8.5,0,53
2016.10.24,807,0,2016,10,24,6.04,0,54.5
2016.10.25,753,0,2016,10,25,6.49,0,47.5
2016.10.26,713,0,2016,10,26,4.03,0,44.5
2016.10.27,380,0,2016,10,27,5.14,1.41,47.5
2016.10.28,656,0,2016,10,28,8.28,0,46.5
2016.10.29,417,0,2016,10,29,4.25,0,51.5
2016.10.30,394,0,2016,10,30,3.8,0.56,65
2016.10.31,734,0,2016,10,31,4.92,0,49
2016.11.1,766,0,2016,11,1,3.13,0,49
2016.11.2,796,0,2016,11,2,3.13,0,62
2016.11.3,730,0,2016,11,3,5.14,0,64.5
2016.11.4,733,0,2016,11,4,4.7,0,54
2016.11.5,505,0,2016,11,5,3.13,0,53
2016.11.6,466,0,2016,11,6,7.61,0,52
2016.11.7,657,0,2016,11,7,5.37,0,47
2016.11.8,717,0,2016,11,8,2.46,0,53.5
2016.11.9,536,0,2016,11,9,3.58,0.06,54
2016.11.10,666,0,2016,11,10,5.82,0,48
2016.11.11,603,0,2016,11,11,8.28,0,52
2016.11.12,390,0,2016,11,12,5.37,0,43.5
2016.11.13,435,0,2016,11,13,5.37,0,51
2016.11.14,674,0,2016,11,14,3.58,0,54
2016.11.15,314,0,2016,11,15,5.59,1.81,51.5
2016.11.16,736,0,2016,11,16,4.03,0,53
2016.11.17,727,0,2016,11,17,4.25,0,55
2016.11.18,679,0,2016,11,18,2.46,0,54
2016.11.19,509,0,2016,11,19,4.92,0.25,50
2016.11.20,248,0,2016,11,20,10.29,0.31,38
2016.11.21,516,0,2016,11,21,13.2,0,38.5
2016.11.22,546,0,2016,11,22,9.62,0,39
2016.11.23,543,0,2016,11,23,4.92,0,40
2016.11.24,180,0,2016,11,24,4.47,0.03,43
2016.11.25,333,0,2016,11,25,2.01,0.02,49.5
2016.11.26,295,0,2016,11,26,4.47,0,45
2016.11.27,295,0,2016,11,27,4.7,0,44.5
2016.11.28,531,0,2016,11,28,3.36,0,45
2016.11.29,280,0,2016,11,29,4.92,2.2,55.5
2016.11.30,403,0,2016,11,30,6.26,0.73,54
2016.12.1,580,0,2016,12,1,7.61,0.07,48
2016.12.2,565,0,2016,12,2,8.72,0,45.5
2016.12.3,332,0,2016,12,3,8.72,0,44
2016.12.4,322,0,2016,12,4,4.92,0,43
2016.12.5,467,0,2016,12,5,5.59,0.19,43.5
2016.12.6,442,0,2016,12,6,5.37,0.35,41.5
2016.12.7,529,0,2016,12,7,3.8,0.09,43
2016.12.8,545,0,2016,12,8,0,0,40
2016.12.9,509,0,2016,12,9,0,0,34
2016.12.10,258,0,2016,12,10,6.04,0,31.5
2016.12.11,228,0,2016,12,11,4.03,0.03,31.5
2016.12.12,410,0,2016,12,12,6.26,0.5,40
2016.12.13,565,0,2016,12,13,4.03,0,39
2016.12.14,533,0,2016,12,14,5.59,0,38
2016.12.15,396,0,2016,12,15,10.96,0,26.5
2016.12.16,399,0,2016,12,16,6.04,0,22
2016.12.17,93,0,2016,12,17,4.25,0.73,31.5
2016.12.18,197,0,2016,12,18,7.38,0.04,44.5
2016.12.19,370,0,2016,12,19,6.71,0,27
2016.12.20,419,0,2016,12,20,3.13,0,26.5
2016.12.21,429,0,2016,12,21,2.91,0,35
2016.12.22,458,0,2016,12,22,6.26,0,43
2016.12.23,354,0,2016,12,23,6.49,0,42.5
2016.12.24,123,0,2016,12,24,4.92,0.47,42.5
2016.12.25,123,0,2016,12,25,6.26,0,43
2016.12.26,170,0,2016,12,26,6.49,0.02,41.5
2016.12.27,442,0,2016,12,27,7.16,0,50
2016.12.28,360,0,2016,12,28,5.14,0,37
2016.12.29,207,0,2016,12,29,5.37,0.39,39.5
2016.12.30,293,0,2016,12,30,9.4,0.01,36.5
2016.12.31,209,0,2016,12,31,6.93,0,37.5
2017.1.1,206,0,2017,1,1,5.59,0,44
2017.1.2,118,0,2017,1,2,9.17,0.21,39
2017.1.3,272,0,2017,1,3,10.74,0.58,41
2017.1.4,493,0,2017,1,4,8.05,0,43
2017.1.5,431,0,2017,1,5,7.83,0,30.5
2017.1.6,336,0,2017,1,6,4.7,0.05,29
2017.1.7,50,0,2017,1,7,7.61,0.32,23
2017.1.8,80,0,2017,1,8,8.72,0,20.5
2017.1.9,251,0,2017,1,9,5.14,0,18.5
2017.1.10,320,0,2017,1,10,4.7,0,33.5
2017.1.11,429,0,2017,1,11,5.82,0.52,47
2017.1.12,517,0,2017,1,12,7.61,0.05,56.5
2017.1.13,468,0,2017,1,13,7.16,0,47
2017.1.14,174,0,2017,1,14,4.25,0.12,31
2017.1.15,217,0,2017,1,15,4.25,0,34
2017.1.16,324,0,2017,1,16,4.7,0,36.5
2017.1.17,315,0,2017,1,17,4.92,0.35,40
2017.1.18,426,0,2017,1,18,5.82,0.06,39.5
2017.1.19,460,0,2017,1,19,3.58,0,44
2017.1.20,413,0,2017,1,20,4.03,0.1,42.5
2017.1.21,298,0,2017,1,21,3.8,0,45
2017.1.22,270,0,2017,1,22,6.71,0.05,45.5
2017.1.23,217,0,2017,1,23,18.34,1.16,40
2017.1.24,219,0,2017,1,24,10.07,1.18,36.5
2017.1.25,503,0,2017,1,25,6.71,0,43.5
2017.1.26,445,0,2017,1,26,6.71,0.02,49.5
2017.1.27,454,0,2017,1,27,8.95,0,39.5
2017.1.28,254,0,2017,1,28,7.83,0,36.5
2017.1.29,234,0,2017,1,29,5.82,0,39
2017.1.30,424,0,2017,1,30,6.26,0,33.5
2017.1.31,385,0,2017,1,31,4.03,0.06,30
2017.2.1,454,0,2017,2,1,5.82,0,40
2017.2.2,447,0,2017,2,2,5.37,0,38.5
2017.2.3,447,0,2017,2,3,6.71,0,29.5
2017.2.4,298,0,2017,2,4,8.5,0,28
2017.2.5,239,0,2017,2,5,7.16,0,37
2017.2.6,471,0,2017,2,6,5.14,0,42.5
2017.2.7,370,0,2017,2,7,6.71,0.27,39
2017.2.8,528,0,2017,2,8,4.7,0.03,50
2017.2.10,41,0,2017,2,10,8.5,0,25.5
2017.2.11,164,0,2017,2,11,4.03,0,39
2017.2.12,59,0,2017,2,12,7.16,0.46,35
2017.2.13,259,0,2017,2,13,12.3,0.02,35
2017.2.14,419,0,2017,2,14,5.37,0,34.5
2017.2.15,405,0,2017,2,15,6.49,0,41
2017.2.16,423,0,2017,2,16,10.51,0,31.5
2017.2.17,389,0,2017,2,17,8.5,0,33.5
2017.2.18,312,0,2017,2,18,5.82,0,49
2017.2.19,361,0,2017,2,19,5.59,0,59
2017.2.20,385,0,2017,2,20,7.38,0,47
2017.2.21,484,0,2017,2,21,5.82,0,40.5
2017.2.22,514,0,2017,2,22,2.91,0,49.5
2017.2.23,546,0,2017,2,23,3.58,0,54.5
2017.2.24,584,0,2017,2,24,6.04,0,64
2017.2.25,427,0,2017,2,25,6.71,0.54,53.5
2017.2.26,301,0,2017,2,26,8.95,0,40
2017.2.27,501,0,2017,2,27,5.59,0,44.5
2017.2.28,567,0,2017,2,28,4.03,0,53
2017.3.1,581,0,2017,3,1,6.04,0.12,62
2017.3.2,494,0,2017,3,2,11.41,0,49.5
2017.3.3,465,0,2017,3,3,8.28,0,31.5
2017.3.4,197,0,2017,3,4,8.95,0,23.5
2017.3.5,223,0,2017,3,5,5.37,0,25.5
2017.3.6,469,0,2017,3,6,3.36,0,35.5
2017.3.7,410,0,2017,3,7,4.25,0.1,49
2017.3.8,535,0,2017,3,8,7.61,0.02,53
2017.3.9,523,0,2017,3,9,8.72,0,54
2017.3.10,248,0,2017,3,10,7.61,0.31,35
2017.3.11,189,0,2017,3,11,9.62,0,23
2017.3.12,182,0,2017,3,12,8.95,0,24
2017.3.13,357,0,2017,3,13,4.47,0,28
2017.3.17,1,0,2017,3,17,6.49,0,38
2017.3.18,26,0,2017,3,18,8.72,0.08,36.5
2017.3.19,75,0,2017,3,19,8.28,0,40.5
2017.3.20,265,0,2017,3,20,5.14,0,42.5
2017.3.21,469,0,2017,3,21,4.03,0,50.5
2017.3.22,383,0,2017,3,22,11.41,0,37
2017.3.23,404,0,2017,3,23,4.92,0,32.5
2017.3.24,439,0,2017,3,24,6.26,0,46.5
2017.3.25,313,0,2017,3,25,6.71,0.01,52
2017.3.26,226,0,2017,3,26,8.28,0.14,39.5
2017.3.27,323,0,2017,3,27,4.25,0.26,45
2017.3.28,286,0,2017,3,28,5.82,0.72,43.5
2017.3.29,476,0,2017,3,29,7.83,0,51
2017.3.30,476,0,2017,3,30,5.82,0.01,45
2017.3.31,136,0,2017,3,31,10.29,1.51,40
2017.4.1,260,0,2017,4,1,7.61,0,42.5
2017.4.2,368,0,2017,4,2,5.37,0,51.5
2017.4.3,467,0,2017,4,3,4.92,0.03,55.5
2017.4.4,398,0,2017,4,4,6.93,1.18,48
2017.4.5,548,0,2017,4,5,3.36,0,55
2017.4.6,264,0,2017,4,6,9.17,0.73,46.5
2017.4.7,486,0,2017,4,7,10.51,0,45.5
2017.4.8,381,0,2017,4,8,8.28,0,48.5
2017.4.9,411,0,2017,4,9,4.92,0,56
2017.4.10,618,0,2017,4,10,6.04,0,63.5
2017.4.11,647,0,2017,4,11,5.59,0,70.5
2017.4.12,624,0,2017,4,12,2.91,0.02,67
2017.4.13,590,0,2017,4,13,5.14,0,56.5
2017.4.14,576,0,2017,4,14,3.8,0,57
2017.4.15,402,0,2017,4,15,5.59,0,58
2017.4.16,430,0,2017,4,16,7.38,0,73
2017.4.17,632,0,2017,4,17,6.71,0,66
2017.4.18,628,0,2017,4,18,6.93,0,56
2017.4.19,586,0,2017,4,19,5.59,0,49.5
2017.4.20,512,0,2017,4,20,4.03,0.17,58
2017.4.21,501,0,2017,4,21,7.38,0.29,50.5
2017.4.22,350,0,2017,4,22,3.58,0.11,53
2017.4.23,405,0,2017,4,23,4.92,0,56
2017.4.24,604,0,2017,4,24,3.58,0,54
2017.4.25,313,0,2017,4,25,13.2,0.91,51.5
2017.4.26,514,0,2017,4,26,4.92,0.34,56.5
2017.4.27,632,0,2017,4,27,2.91,0,63.5
2017.4.28,712,0,2017,4,28,3.13,0,71.5
2017.4.29,557,0,2017,4,29,5.14,0.06,74.5
2017.4.30,449,0,2017,4,30,6.71,0,59.5
2017.5.1,752,0,2017,5,1,5.14,0,61.5
2017.5.2,690,0,2017,5,2,7.83,0,68.5
2017.5.3,705,0,2017,5,3,8.28,0,58
2017.5.4,693,0,2017,5,4,5.37,0,55.5
2017.5.5,397,0,2017,5,5,6.49,3.02,55
2017.5.6,482,0,2017,5,6,6.04,0.18,59.5
2017.5.7,338,0,2017,5,7,5.59,0.01,51.5
2017.5.8,668,0,2017,5,8,5.82,0,50.5
2017.5.9,752,0,2017,5,9,4.47,0,55
2017.5.10,717,0,2017,5,10,3.36,0,56
2017.5.11,759,0,2017,5,11,3.58,0,56.5
2017.5.12,737,0,2017,5,12,4.03,0,56.5
2017.5.13,75,0,2017,5,13,7.61,1.61,49
2017.5.14,396,0,2017,5,14,5.37,0.02,56.5
2017.5.15,731,0,2017,5,15,8.95,0,60.5
2017.5.16,832,0,2017,5,16,4.25,0,67.5
2017.5.17,756,0,2017,5,17,5.59,0,77.5
2017.5.18,714,0,2017,5,18,5.59,0,83.5
2017.5.19,719,0,2017,5,19,6.26,0,78.5
2017.5.20,495,0,2017,5,20,4.03,0.01,60
2017.5.21,514,0,2017,5,21,4.03,0,60.5
2017.5.22,358,0,2017,5,22,2.68,0.59,57
2017.5.23,789,0,2017,5,23,2.24,0,62.5
2017.5.24,766,0,2017,5,24,4.92,0.04,62.5
2017.5.25,339,0,2017,5,25,8.05,0.58,57.5
2017.5.26,675,0,2017,5,26,4.92,0.1,64.5
2017.5.27,430,0,2017,5,27,3.13,0,65
2017.5.28,407,0,2017,5,28,4.47,0,64.5
2017.5.29,299,0,2017,5,29,5.14,0.13,58.5
2017.5.30,692,0,2017,5,30,2.68,0.06,57.5
2017.5.31,766,0,2017,5,31,2.46,0.03,66.5
2017.6.1,896,0,2017,6,1,3.8,0,69
2017.6.2,856,0,2017,6,2,4.47,0.01,66.5
2017.6.3,551,0,2017,6,3,3.58,0.01,64
2017.6.4,467,0,2017,6,4,2.24,0.09,63
2017.6.5,735,0,2017,6,5,4.92,0.02,62.5
2017.6.6,615,0,2017,6,6,7.16,0.06,55
2017.6.7,839,0,2017,6,7,3.36,0,59
2017.6.8,846,0,2017,6,8,3.8,0,62
2017.6.9,843,0,2017,6,9,4.7,0,66.5
2017.6.10,575,0,2017,6,10,3.58,0,75.5
2017.6.11,507,0,2017,6,11,5.14,0,81
2017.6.12,849,0,2017,6,12,3.8,0,84.5
2017.6.13,832,0,2017,6,13,3.13,0,85.5
2017.6.14,764,0,2017,6,14,4.7,0.29,76.5
2017.6.15,887,0,2017,6,15,4.25,0,70
2017.6.16,768,0,2017,6,16,5.14,0,65.5
2017.6.17,410,0,2017,6,17,2.24,1.39,70
2017.6.18,514,0,2017,6,18,3.58,0,77.5
2017.6.19,584,0,2017,6,19,3.8,1.35,79
2017.6.20,900,0,2017,6,20,5.14,0.03,77
2017.6.21,885,0,2017,6,21,4.7,0,77
2017.6.22,937,0,2017,6,22,2.24,0,75.5
2017.6.23,843,0,2017,6,23,4.92,0.04,79.5
2017.6.24,523,0,2017,6,24,5.37,1.29,77.5
2017.6.25,543,0,2017,6,25,2.46,0,75.5
2017.6.26,893,0,2017,6,26,3.13,0,71.5
2017.6.27,930,0,2017,6,27,3.58,0.18,68.5
2017.6.28,943,0,2017,6,28,4.92,0,69.5
2017.6.29,944,0,2017,6,29,5.37,0,75
2017.6.30,835,0,2017,6,30,5.82,0,80.5
2017.7.1,399,0,2017,7,1,4.03,0.23,78
2017.7.2,430,0,2017,7,2,4.92,0,79.5
2017.7.3,620,0,2017,7,3,1.79,0.45,79.5
2017.7.4,540,0,2017,7,4,2.68,0,77.5
2017.7.5,841,0,2017,7,5,4.92,0,77.5
2017.7.6,921,0,2017,7,6,3.58,0,74
2017.7.7,653,0,2017,7,7,5.37,1.78,74
2017.7.8,609,0,2017,7,8,3.36,0,76.5
2017.7.9,552,0,2017,7,9,3.58,0,74
2017.7.10,864,0,2017,7,10,3.36,0,76
2017.7.11,943,0,2017,7,11,3.13,0,80
2017.7.12,865,0,2017,7,12,5.14,0,82.5
2017.7.13,844,0,2017,7,13,4.92,0,81.5
2017.7.14,555,0,2017,7,14,4.7,0.35,69
2017.7.15,590,0,2017,7,15,3.36,0,76
2017.7.16,601,0,2017,7,16,2.68,0,77.5
2017.7.17,941,0,2017,7,17,2.68,0,79
2017.7.18,939,0,2017,7,18,2.91,0,80.5
2017.7.19,926,0,2017,7,19,3.13,0,84.5
2017.7.20,922,0,2017,7,20,2.91,0.01,85.5
2017.7.21,919,0,2017,7,21,3.8,0,84
2017.7.22,535,0,2017,7,22,2.46,0.57,81.5
2017.7.23,532,0,2017,7,23,2.68,0.06,75
2017.7.24,691,0,2017,7,24,6.71,0.74,68
2017.7.25,955,0,2017,7,25,5.14,0,66.5
2017.7.26,947,0,2017,7,26,3.8,0,71
2017.7.27,972,0,2017,7,27,2.46,0,71.5
2017.7.28,866,0,2017,7,28,2.91,0,78
2017.7.29,584,0,2017,7,29,9.4,0,72
2017.7.30,560,0,2017,7,30,4.25,0,73
2017.7.31,978,0,2017,7,31,2.01,0,77
2017.8.1,950,0,2017,8,1,2.68,0,81.5
2017.8.2,838,0,2017,8,2,1.57,0.09,77.5
2017.8.3,976,0,2017,8,3,1.79,0,77.5
2017.8.4,878,0,2017,8,4,4.25,0.15,76.5
2017.8.5,539,0,2017,8,5,4.47,0.3,73.5
2017.8.6,584,0,2017,8,6,3.8,0,70
2017.8.7,427,0,2017,8,7,2.46,0.76,67.5
2017.8.8,937,0,2017,8,8,2.91,0,71.5
2017.8.9,947,0,2017,8,9,1.34,0,74.5
2017.8.10,1008,0,2017,8,10,2.24,0,75.5
2017.8.11,942,0,2017,8,11,2.68,0,75.5
2017.8.12,627,0,2017,8,12,3.36,0.11,70.5
2017.8.13,584,0,2017,8,13,3.8,0,77
2017.8.14,890,0,2017,8,14,2.24,0,75
2017.8.15,855,0,2017,8,15,1.12,0.45,71
2017.8.16,1025,0,2017,8,16,2.24,0,78.5
2017.8.17,1011,0,2017,8,17,3.13,0,76
2017.8.18,603,0,2017,8,18,3.36,0.88,77.5
2017.8.19,590,0,2017,8,19,2.91,0,79.5
2017.8.20,600,0,2017,8,20,4.47,0,75
2017.8.21,901,0,2017,8,21,3.36,0,79
2017.8.22,868,0,2017,8,22,5.14,0.3,80.5
2017.8.23,963,0,2017,8,23,4.03,0,75.5
2017.8.24,941,0,2017,8,24,3.13,0,72.5
2017.8.25,917,0,2017,8,25,2.46,0,70.5
2017.8.26,587,0,2017,8,26,3.8,0,70
2017.8.27,601,0,2017,8,27,4.47,0,70.5
2017.8.28,874,0,2017,8,28,6.26,0,69.5
2017.8.29,569,0,2017,8,29,8.05,0.29,64.5
2017.8.30,948,0,2017,8,30,5.14,0.01,69
2017.8.31,915,0,2017,8,31,3.8,0,72.5
2017.9.1,802,0,2017,9,1,4.92,0,63
2017.9.2,408,0,2017,9,2,5.59,0.53,61
2017.9.3,350,0,2017,9,3,5.59,0.74,64
2017.9.4,490,0,2017,9,4,4.7,0,70.5
2017.9.5,877,0,2017,9,5,3.13,0,77
2017.9.6,666,0,2017,9,6,3.8,0.42,66.5
2017.9.7,932,0,2017,9,7,4.92,0.01,65
2017.9.8,934,0,2017,9,8,3.8,0,64.5
2017.9.9,601,0,2017,9,9,4.03,0,62.5
2017.9.10,593,0,2017,9,10,5.82,0,64.5
2017.9.11,976,0,2017,9,11,2.01,0,65.5
2017.9.12,957,0,2017,9,12,1.34,0,68.5
2017.9.13,903,0,2017,9,13,2.46,0.06,73.5
2017.9.14,945,0,2017,9,14,2.24,0.02,75.5
2017.9.15,978,0,2017,9,15,1.57,0,74
2017.9.16,634,0,2017,9,16,2.91,0,76
2017.9.17,606,0,2017,9,17,2.68,0,74.5
2017.9.18,925,0,2017,9,18,6.93,0,70.5
2017.9.19,830,0,2017,9,19,9.84,0.22,73.5
2017.9.20,954,0,2017,9,20,6.26,0,75
2017.9.21,1008,0,2017,9,21,5.59,0,75.5
2017.9.22,954,0,2017,9,22,7.16,0,74
2017.9.23,647,0,2017,9,23,4.7,0,77.5
2017.9.24,603,0,2017,9,24,1.57,0,80
2017.9.25,869,0,2017,9,25,2.91,0,79
2017.9.26,606,0,2017,9,26,2.01,0,76
2017.9.27,820,0,2017,9,27,3.8,0,78
2017.9.28,866,0,2017,9,28,5.82,0,69
2017.9.29,854,0,2017,9,29,2.46,0,61.5
2017.9.30,575,0,2017,9,30,6.26,0,60
2017.10.1,583,0,2017,10,1,2.91,0,59
2017.10.2,984,0,2017,10,2,2.46,0,62.5
2017.10.3,1035,0,2017,10,3,3.13,0,64
2017.10.4,1060,0,2017,10,4,4.92,0,65.5
2017.10.5,1018,0,2017,10,5,4.92,0,74
2017.10.6,957,0,2017,10,6,2.46,0,75
2017.10.7,656,0,2017,10,7,4.03,0,73.5
2017.10.8,460,0,2017,10,8,4.92,0.22,74.5
2017.10.9,631,0,2017,10,9,4.92,0.26,74
2017.10.10,1073,0,2017,10,10,2.91,0,73.5
2017.10.11,961,0,2017,10,11,5.82,0.06,68.5
2017.10.12,905,0,2017,10,12,8.72,0.07,59.5
2017.10.13,963,0,2017,10,13,6.04,0,59.5
2017.10.14,568,0,2017,10,14,2.46,0.08,66.5
2017.10.15,554,0,2017,10,15,4.25,0,69.5
2017.10.16,911,0,2017,10,16,6.71,0.01,57.5
2017.10.17,907,0,2017,10,17,4.03,0,50
2017.10.18,999,0,2017,10,18,3.8,0,61
2017.10.19,917,0,2017,10,19,4.47,0,63.5
2017.10.20,969,0,2017,10,20,4.03,0,65
2017.10.21,587,0,2017,10,21,2.24,0,67
2017.10.22,585,0,2017,10,22,1.57,0,66.5
2017.10.23,935,0,2017,10,23,3.58,0,67.5
2017.10.24,739,0,2017,10,24,5.59,0.2,70.5
2017.10.25,927,0,2017,10,25,2.01,0,62
2017.10.26,819,0,2017,10,26,6.04,0,54
2017.10.27,838,0,2017,10,27,3.8,0,54.5
2017.10.28,592,0,2017,10,28,4.92,0,62
2017.10.29,121,0,2017,10,29,6.71,3.03,63.5
2017.10.30,695,0,2017,10,30,8.72,0.25,53.5
2017.10.31,853,0,2017,10,31,5.82,0,51
2017.11.1,867,0,2017,11,1,2.46,0,51
2017.11.2,957,0,2017,11,2,2.46,0,65
2017.11.3,839,0,2017,11,3,5.59,0,62.5
2017.11.4,517,0,2017,11,4,5.82,0,51
2017.11.5,415,0,2017,11,5,4.25,0.02,56
2017.11.6,780,0,2017,11,6,4.92,0.01,56
2017.11.7,494,0,2017,11,7,6.49,0.7,44.5
2017.11.8,794,0,2017,11,8,5.37,0,44
2017.11.9,771,0,2017,11,9,3.36,0,47
2017.11.10,576,0,2017,11,10,9.4,0.01,38
2017.11.11,306,0,2017,11,11,4.7,0,31
2017.11.12,329,0,2017,11,12,1.79,0,39
2017.11.13,585,0,2017,11,13,3.58,0.07,43
2017.11.14,724,0,2017,11,14,4.92,0,41.5
2017.11.15,741,0,2017,11,15,5.14,0,44
2017.11.16,692,0,2017,11,16,6.49,0.2,50
2017.11.17,642,0,2017,11,17,7.83,0,42
2017.11.18,343,0,2017,11,18,3.36,0.1,45
2017.11.19,306,0,2017,11,19,9.62,0.23,48.5
2017.11.20,646,0,2017,11,20,6.71,0,41.5
2017.11.21,710,0,2017,11,21,5.14,0,50
2017.11.22,530,0,2017,11,22,6.71,0.21,45.5
2017.11.23,196,0,2017,11,23,4.7,0,37
2017.11.24,300,0,2017,11,24,3.8,0,42.5
2017.11.25,287,0,2017,11,25,4.03,0,50
2017.11.26,356,0,2017,11,26,6.71,0,45.5
2017.11.27,680,0,2017,11,27,6.49,0,45
2017.11.28,708,0,2017,11,28,4.47,0,45
2017.11.29,746,0,2017,11,29,5.37,0,52.5
2017.11.30,726,0,2017,11,30,4.47,0.03,45.5
2017.12.1,747,0,2017,12,1,5.37,0,47
2017.12.2,414,0,2017,12,2,3.13,0,43.5
2017.12.3,403,0,2017,12,3,2.01,0,45
2017.12.4,689,0,2017,12,4,3.58,0,45.5
2017.12.5,537,0,2017,12,5,6.71,0.75,55.5
2017.12.6,643,0,2017,12,6,7.61,0,49.5
2017.12.7,660,0,2017,12,7,6.71,0,40.5
2017.12.8,565,0,2017,12,8,4.92,0,36.5
2017.12.9,124,0,2017,12,9,4.25,0.46,32.5
2017.12.10,205,0,2017,12,10,6.49,0,34
2017.12.11,596,0,2017,12,11,5.37,0,37
2017.12.12,629,0,2017,12,12,7.38,0,39.5
2017.12.13,442,0,2017,12,13,10.74,0,25.5
2017.12.14,383,0,2017,12,14,5.82,0.09,27
2017.12.15,343,0,2017,12,15,3.8,0.11,24
2017.12.16,205,0,2017,12,16,6.71,0,31
2017.12.17,255,0,2017,12,17,2.91,0,35
2017.12.18,544,0,2017,12,18,4.92,0.02,40.5
2017.12.19,658,0,2017,12,19,7.61,0,50
2017.12.20,538,0,2017,12,20,7.38,0,42.5
2017.12.21,551,0,2017,12,21,4.03,0,35.5
2017.12.22,453,0,2017,12,22,4.03,0,42.5
2017.12.23,161,0,2017,12,23,4.92,0.49,43
2017.12.24,199,0,2017,12,24,7.83,0.01,38.5
2017.12.25,89,0,2017,12,25,10.96,0.23,33
2017.12.26,268,0,2017,12,26,8.72,0,25.5
2017.12.27,287,0,2017,12,27,6.26,0,20.5
2017.12.28,233,0,2017,12,28,8.05,0,14.5
2017.12.29,217,0,2017,12,29,6.71,0,16.5
2017.12.30,103,0,2017,12,30,5.37,0.05,20
2017.12.31,107,0,2017,12,31,9.17,0,15
2018.1.1,84,0,2018,1,1,7.83,0,13
2018.1.2,320,0,2018,1,2,8.05,0,19.5
2018.1.3,372,0,2018,1,3,3.13,0,23
2018.1.4,48,0,2018,1,4,12.53,0.76,24
2018.1.5,102,0,2018,1,5,12.97,0,14
2018.1.6,63,0,2018,1,6,10.96,0,9.5
2018.1.7,69,0,2018,1,7,6.49,0,11.5
2018.1.8,257,0,2018,1,8,5.82,0.01,24
2018.1.9,333,0,2018,1,9,6.71,0,37
2018.1.10,412,0,2018,1,10,4.25,0,36.5
2018.1.11,463,0,2018,1,11,3.13,0,47
2018.1.12,293,0,2018,1,12,6.93,0.54,52.5
2018.1.13,207,0,2018,1,13,9.62,0.05,38.5
2018.1.14,136,0,2018,1,14,8.05,0,20
2018.1.15,233,0,2018,1,15,8.05,0,23
2018.1.16,408,0,2018,1,16,4.03,0,30.5
2018.1.17,305,0,2018,1,17,6.04,0.19,29
2018.1.18,369,0,2018,1,18,7.83,0,25
2018.1.19,420,0,2018,1,19,5.37,0,32.5
2018.1.20,346,0,2018,1,20,8.5,0,45
2018.1.21,293,0,2018,1,21,2.91,0,46
2018.1.22,510,0,2018,1,22,5.37,0.01,43.5
2018.1.23,416,0,2018,1,23,6.26,0.3,49
2018.1.24,497,0,2018,1,24,9.4,0,35.5
2018.1.25,451,0,2018,1,25,6.71,0,28.5
2018.1.26,460,0,2018,1,26,3.8,0,32
2018.1.27,342,0,2018,1,27,6.49,0,45.5
2018.1.28,225,0,2018,1,28,3.8,0.21,50.5
2018.1.29,544,0,2018,1,29,9.17,0,41
2018.1.30,371,0,2018,1,30,7.61,0.11,30
2018.1.31,422,0,2018,1,31,6.71,0,25.5
2018.2.1,483,0,2018,2,1,3.8,0.05,38.5
2018.2.2,387,0,2018,2,2,9.17,0.18,29
2018.2.3,225,0,2018,2,3,7.61,0,23.5
2018.2.4,212,0,2018,2,4,4.03,0.96,38
2018.2.5,434,0,2018,2,5,7.61,0,33
2018.2.6,496,0,2018,2,6,4.03,0,31.5
2018.2.7,259,0,2018,2,7,6.71,0.85,37.5
2018.2.8,473,0,2018,2,8,6.71,0,29
2018.2.9,445,0,2018,2,9,4.92,0,32.5
2018.2.10,202,0,2018,2,10,2.24,0.58,44.5
2018.2.11,118,0,2018,2,11,3.13,1.21,53.5
2018.2.12,561,0,2018,2,12,7.16,0,47
2018.2.13,506,0,2018,2,13,5.59,0,32
2018.2.14,562,0,2018,2,14,5.37,0.08,44
2018.2.15,554,0,2018,2,15,5.14,0.16,54
2018.2.16,383,0,2018,2,16,6.93,0.09,47
2018.2.17,243,0,2018,2,17,4.47,0.52,34
2018.2.18,251,0,2018,2,18,5.82,0.01,38.5
2018.2.19,302,0,2018,2,19,4.25,0.04,42.5
2018.2.20,602,0,2018,2,20,6.04,0,57
2018.2.21,677,0,2018,2,21,5.82,0.06,66.5
2018.2.22,424,0,2018,2,22,8.28,0.17,48
2018.2.23,428,0,2018,2,23,6.26,0.06,39
2018.2.24,310,0,2018,2,24,5.37,0.08,48.5
2018.2.25,213,0,2018,2,25,6.26,0.73,42
2018.2.26,676,0,2018,2,26,4.47,0,47.5
2018.2.27,689,0,2018,2,27,4.47,0,47.5
2018.2.28,702,0,2018,2,28,5.14,0,51.5
2018.3.1,635,0,2018,3,1,5.14,0.38,52
2018.3.2,116,0,2018,3,2,10.51,1.86,39
2018.3.3,316,0,2018,3,3,11.18,0,42.5
2018.3.4,266,0,2018,3,4,9.62,0,39
2018.3.5,639,0,2018,3,5,7.16,0,38
2018.3.6,585,0,2018,3,6,4.7,0,39.5
2018.3.7,128,0,2018,3,7,10.07,1.41,36
2018.3.8,245,0,2018,3,8,6.04,0,36
2018.3.9,425,0,2018,3,9,7.83,0,36
2018.3.10,296,0,2018,3,10,8.5,0,35.5
2018.3.11,263,0,2018,3,11,5.37,0,38.5
2018.3.12,579,0,2018,3,12,8.5,0.08,37.5
2018.3.13,418,0,2018,3,13,8.5,0.28,36.5
2018.3.14,607,0,2018,3,14,10.96,0.01,36
2018.3.15,564,0,2018,3,15,10.07,0,40
2018.3.16,528,0,2018,3,16,9.84,0,35
2018.3.17,305,0,2018,3,17,7.61,0,37.5
2018.3.18,273,0,2018,3,18,6.26,0,35.5
2018.3.19,571,0,2018,3,19,5.82,0,40
2018.3.20,583,0,2018,3,20,8.95,0,34.5
2018.3.21,79,0,2018,3,21,10.74,0.99,35
2018.3.22,102,0,2018,3,22,6.71,0.06,41
2018.3.23,539,0,2018,3,23,5.59,0,42
2018.3.24,392,0,2018,3,24,6.04,0,43
2018.3.25,306,0,2018,3,25,8.28,0,39
2018.3.26,644,0,2018,3,26,5.82,0,42
2018.3.27,596,0,2018,3,27,3.36,0.01,40.5
2018.3.28,623,0,2018,3,28,4.03,0.03,45
2018.3.29,655,0,2018,3,29,2.91,0.03,51
2018.3.30,474,0,2018,3,30,4.03,0.03,53
2018.3.31,418,0,2018,3,31,6.49,0,48.5
2018.4.1,314,0,2018,4,1,6.71,0,51.5
2018.4.2,312,0,2018,4,2,5.82,0.59,38
2018.4.3,462,0,2018,4,3,4.7,0.26,41
2018.4.4,541,0,2018,4,4,8.5,0.04,48
2018.4.5,598,0,2018,4,5,8.72,0,39.5
2018.4.6,499,0,2018,4,6,4.92,0.11,49.5
2018.4.7,413,0,2018,4,7,7.38,0,43
2018.4.8,333,0,2018,4,8,8.5,0,39
2018.4.9,634,0,2018,4,9,5.37,0,40.5
2018.4.10,679,0,2018,4,10,4.92,0.01,44.5
2018.4.11,672,0,2018,4,11,3.8,0,44
2018.4.12,763,0,2018,4,12,5.59,0,54.5
2018.4.13,761,0,2018,4,13,5.59,0,71
2018.4.14,576,0,2018,4,14,7.38,0,60.5
2018.4.15,250,0,2018,4,15,12.3,0.47,41
2018.4.16,374,0,2018,4,16,11.41,2.82,49.5
2018.4.17,667,0,2018,4,17,8.5,0,43
2018.4.18,727,0,2018,4,18,6.49,0,46
2018.4.19,600,0,2018,4,19,7.61,0.15,43.5
2018.4.20,632,0,2018,4,20,8.5,0,43.5
2018.4.21,489,0,2018,4,21,5.82,0,51
2018.4.22,484,0,2018,4,22,4.25,0,55.5
2018.4.23,845,0,2018,4,23,4.47,0,57
2018.4.24,823,0,2018,4,24,4.25,0.05,56
2018.4.25,500,0,2018,4,25,3.8,0.95,56
2018.4.26,808,0,2018,4,26,4.92,0.1,62.5
2018.4.27,575,0,2018,4,27,2.46,0.05,55
2018.4.28,442,0,2018,4,28,3.36,0.1,59
2018.4.29,420,0,2018,4,29,5.82,0.08,53
2018.4.30,625,0,2018,4,30,5.14,0,47.5
2018.5.1,908,0,2018,5,1,4.25,0,64
2018.5.2,943,0,2018,5,2,5.37,0,77.5
2018.5.3,890,0,2018,5,3,5.37,0.02,81
2018.5.4,910,0,2018,5,4,3.58,0,78
2018.5.5,655,0,2018,5,5,4.92,0,68.5
2018.5.6,499,0,2018,5,6,3.8,0,61
2018.5.7,1003,0,2018,5,7,2.01,0,65.5
2018.5.8,1010,0,2018,5,8,1.79,0,63.5
2018.5.9,1027,0,2018,5,9,2.24,0,65.5
2018.5.10,916,0,2018,5,10,2.68,0.25,60
2018.5.11,974,0,2018,5,11,3.58,0,66.5
2018.5.12,410,0,2018,5,12,3.58,0.22,57
2018.5.13,287,0,2018,5,13,2.46,0.1,53
2018.5.14,933,0,2018,5,14,1.34,0.03,61.5
2018.5.15,730,0,2018,5,15,2.68,0.58,74.5
2018.5.16,583,0,2018,5,16,2.46,0.34,60
2018.5.17,702,0,2018,5,17,1.12,0.22,63.5
2018.5.18,887,0,2018,5,18,5.82,0,61.5
2018.5.19,254,0,2018,5,19,4.03,0.65,52.5
2018.5.20,572,0,2018,5,20,3.8,0,68.5
2018.5.21,1008,0,2018,5,21,2.46,0,68.5
2018.5.22,783,0,2018,5,22,0.89,0.29,61.5
2018.5.23,1026,0,2018,5,23,2.46,0.29,70
2018.5.24,1053,0,2018,5,24,2.91,0,73
2018.5.25,994,0,2018,5,25,5.14,0,75.5
2018.5.26,533,0,2018,5,26,2.01,0,80.5
2018.5.27,311,0,2018,5,27,8.28,0.44,68
2018.5.28,516,0,2018,5,28,1.79,0,62.5
2018.5.29,1059,0,2018,5,29,1.12,0,76
2018.5.30,1077,0,2018,5,30,2.24,0,69.5
2018.5.31,930,0,2018,5,31,2.01,0.1,65.5
2018.6.1,904,0,2018,6,1,0.89,0.27,73
2018.6.2,695,0,2018,6,2,3.8,0.08,76.5
2018.6.3,597,0,2018,6,3,5.82,0.25,58.5
2018.6.4,894,0,2018,6,4,3.8,0.16,61
2018.6.5,1142,0,2018,6,5,3.8,0,66.5
2018.6.6,1116,0,2018,6,6,2.68,0,64.5
2018.6.7,1150,0,2018,6,7,2.46,0,65.5
2018.6.8,1043,0,2018,6,8,2.91,0,71
2018.6.9,705,0,2018,6,9,1.79,0,75
2018.6.10,448,0,2018,6,10,1.12,0.01,65.5
2018.6.11,1127,0,2018,6,11,3.13,0,65.5
2018.6.12,1156,0,2018,6,12,3.36,0,66
2018.6.13,1039,0,2018,6,13,3.58,0.04,70.5
2018.6.14,1141,0,2018,6,14,6.93,0,75.5
2018.6.15,1034,0,2018,6,15,3.13,0,69.5
2018.6.16,667,0,2018,6,16,2.24,0,74.5
2018.6.17,578,0,2018,6,17,1.79,0,78.5
2018.6.18,974,0,2018,6,18,5.59,0.08,82
2018.6.19,1135,0,2018,6,19,3.8,0.07,81.5
2018.6.20,1111,0,2018,6,20,1.57,0.09,76
2018.6.21,1101,0,2018,6,21,2.01,0.59,74
2018.6.22,1106,0,2018,6,22,4.7,0.1,68.5
2018.6.23,627,0,2018,6,23,4.92,0,64
2018.6.24,608,0,2018,6,24,2.24,0,75
2018.6.25,1155,0,2018,6,25,4.92,0,74
2018.6.26,1273,0,2018,6,26,3.8,0,69.5
2018.6.27,1057,0,2018,6,27,3.58,0.01,69.5
2018.6.28,835,0,2018,6,28,2.91,1.36,76.5
2018.6.29,1098,0,2018,6,29,2.68,0,79.5
2018.6.30,610,0,2018,6,30,2.24,0,82.5
2018.7.1,502,0,2018,7,1,2.91,0,87.5
2018.7.2,1001,0,2018,7,2,2.01,0,87
2018.7.3,846,0,2018,7,3,1.12,0.01,84.5
2018.7.4,602,0,2018,7,4,1.12,0,81.5
2018.7.5,945,0,2018,7,5,2.91,0,83
2018.7.6,848,0,2018,7,6,4.03,0.23,74.5
2018.7.7,609,0,2018,7,7,5.37,0,70
2018.7.8,634,0,2018,7,8,2.01,0,73
2018.7.9,1199,0,2018,7,9,2.68,0,77
2018.7.10,1204,0,2018,7,10,3.8,0,82.5
2018.7.11,1130,0,2018,7,11,2.68,0,81
2018.7.12,1195,0,2018,7,12,1.34,0.71,74
2018.7.13,1132,0,2018,7,13,2.01,0,76
2018.7.14,646,0,2018,7,14,3.58,0.36,79
2018.7.15,601,0,2018,7,15,3.36,0.64,76
2018.7.16,1187,0,2018,7,16,2.24,0,82.5
2018.7.17,915,0,2018,7,17,2.68,2.24,79
2018.7.18,1239,0,2018,7,18,3.36,0,75.5
2018.7.19,1213,0,2018,7,19,2.24,0,74.5
2018.7.20,1154,0,2018,7,20,2.01,0,75.5
2018.7.21,671,0,2018,7,21,5.82,0.63,72
2018.7.22,507,0,2018,7,22,3.36,1.06,74.5
2018.7.23,864,0,2018,7,23,4.47,0.17,76.5
2018.7.24,1212,0,2018,7,24,5.14,0.02,78.5
2018.7.25,697,0,2018,7,25,3.8,0.73,74.5
2018.7.26,1177,0,2018,7,26,3.36,0.03,78.5
2018.7.27,767,0,2018,7,27,2.46,0.25,77
2018.7.28,699,0,2018,7,28,1.12,0,77.5
2018.7.29,663,0,2018,7,29,2.01,0,76
2018.7.30,1194,0,2018,7,30,1.34,0.37,73
2018.7.31,1270,0,2018,7,31,1.57,0,75
2018.8.1,1071,0,2018,8,1,2.46,0.1,79
2018.8.2,1152,0,2018,8,2,2.68,0.51,81
2018.8.3,1053,0,2018,8,3,2.24,0.24,79
2018.8.4,562,0,2018,8,4,2.68,0.74,78
2018.8.5,621,0,2018,8,5,1.12,0,82
2018.8.6,1195,0,2018,8,6,2.01,0,84.5
2018.8.7,1133,0,2018,8,7,3.8,0.05,82
2018.8.8,1201,0,2018,8,8,1.57,0,83
2018.8.9,1193,0,2018,8,9,2.91,0.61,79.5
2018.8.10,1078,0,2018,8,10,1.34,0,79
2018.8.11,459,0,2018,8,11,2.01,2.9,75
2018.8.12,663,0,2018,8,12,2.91,0,78
2018.8.13,869,0,2018,8,13,3.36,0.66,73
2018.8.14,1100,0,2018,8,14,2.91,0.79,76.5
2018.8.15,1212,0,2018,8,15,4.25,0,78
2018.8.16,1203,0,2018,8,16,2.91,0,82
2018.8.17,1094,0,2018,8,17,2.91,1.04,79.5
2018.8.18,590,0,2018,8,18,3.8,0.07,78
2018.8.19,550,0,2018,8,19,4.7,0.02,69.5
2018.8.20,1116,0,2018,8,20,2.68,0,70.5
2018.8.21,1217,0,2018,8,21,3.58,0.11,72.5
2018.8.22,1204,0,2018,8,22,4.03,0.72,76.5
2018.8.23,1139,0,2018,8,23,3.8,0,71
2018.8.24,1120,0,2018,8,24,1.12,0,73.5
2018.8.25,706,0,2018,8,25,1.79,0,74
2018.8.26,648,0,2018,8,26,3.36,0,76
2018.8.27,1170,0,2018,8,27,2.46,0,81
2018.8.28,1177,0,2018,8,28,3.8,0,86.5
2018.8.29,1178,0,2018,8,29,4.92,0,86.5
2018.8.30,1132,0,2018,8,30,4.47,0,84
2018.8.31,933,0,2018,8,31,3.8,0.03,73.5
2018.9.1,502,0,2018,9,1,2.46,0,73.5
2018.9.2,455,0,2018,9,2,2.01,0,74.5
2018.9.3,557,0,2018,9,3,2.68,0,82.5
2018.9.4,1072,0,2018,9,4,2.01,0,84.5
2018.9.5,1193,0,2018,9,5,1.34,0,83
2018.9.6,1076,0,2018,9,6,2.91,0.36,83
2018.9.7,1150,0,2018,9,7,6.26,0,72
2018.9.8,675,0,2018,9,8,6.26,0.02,66
2018.9.9,262,0,2018,9,9,6.04,0.45,58.5
2018.9.10,603,0,2018,9,10,6.93,0.93,59
2018.9.11,1148,0,2018,9,11,1.34,0.02,68
2018.9.12,892,0,2018,9,12,0.22,0.15,74
2018.9.13,1150,0,2018,9,13,0,0.13,72.5
2018.9.14,1121,0,2018,9,14,0,0,71.5
2018.9.15,780,0,2018,9,15,0,0,73.5
2018.9.16,755,0,2018,9,16,0,0,75.5
2018.9.17,1151,0,2018,9,17,0,0.01,73.5
2018.9.18,967,0,2018,9,18,2.01,1.19,74.5
2018.9.19,1199,0,2018,9,19,3.58,0,74.5
2018.9.20,1139,0,2018,9,20,2.46,0,68.5
2018.9.21,1175,0,2018,9,21,2.01,0,69.5
2018.9.22,784,0,2018,9,22,5.14,0,68
2018.9.23,636,0,2018,9,23,3.13,0,63
2018.9.24,1236,0,2018,9,24,7.16,0,63
2018.9.25,409,0,2018,9,25,3.36,1.95,66
2018.9.26,1163,0,2018,9,26,1.79,0.21,75.5
2018.9.27,1181,0,2018,9,27,4.25,0,66.5
2018.9.28,914,0,2018,9,28,3.8,0.77,60.5
2018.9.29,681,0,2018,9,29,2.46,0,65
2018.9.30,660,0,2018,9,30,2.46,0,62
2018.10.1,1106,0,2018,10,1,2.01,0,69.5
2018.10.2,1229,0,2018,10,2,2.01,0.69,71
2018.10.3,1245,0,2018,10,3,2.46,0,68.5
2018.10.4,1185,0,2018,10,4,0.89,0.04,68.5
2018.10.5,1137,0,2018,10,5,3.58,0,65.5
2018.10.6,572,0,2018,10,6,1.12,0,65.5
2018.10.7,630,0,2018,10,7,2.46,0,73
2018.10.8,959,0,2018,10,8,4.03,0,69
2018.10.9,1264,0,2018,10,9,0.67,0,71.5
2018.10.10,1248,0,2018,10,10,2.68,0,75.5
2018.10.11,844,0,2018,10,11,1.34,0.84,73
2018.10.12,1026,0,2018,10,12,5.82,0.43,59.5
2018.10.13,511,0,2018,10,13,0,0.1,50.5
2018.10.14,559,0,2018,10,14,0,0,52.5
2018.10.15,931,0,2018,10,15,0,0.05,60
2018.10.16,1077,0,2018,10,16,0,0.01,53.5
2018.10.17,1075,0,2018,10,17,0,0,53.5
2018.10.18,986,0,2018,10,18,0,0,46
2018.10.19,1030,0,2018,10,19,0,0,51.5
2018.10.20,619,0,2018,10,20,0,0.06,56.5
2018.10.21,438,0,2018,10,21,0,0,45
2018.10.22,947,0,2018,10,22,0,0,44.5
2018.10.23,1141,0,2018,10,23,0,0,56
2018.10.24,1054,0,2018,10,24,0,0,49
2018.10.25,905,0,2018,10,25,0,0,45.5
2018.10.26,916,0,2018,10,26,0,0,44
2018.10.27,167,0,2018,10,27,0,1.27,47.5
2018.10.28,405,0,2018,10,28,0,0.07,48.5
2018.10.29,898,0,2018,10,29,0,0.03,51.5
2018.10.30,968,0,2018,10,30,0,0,48.5
2018.10.31,963,0,2018,10,31,0,0,54
2015.9.21,58,1,2015,9,21,7.61,0,66
2015.9.22,133,1,2015,9,22,6.93,0,66.5
2015.9.23,135,1,2015,9,23,2.91,0,69.5
2015.9.24,136,1,2015,9,24,4.25,0,71
2015.9.25,135,1,2015,9,25,6.26,0,69.5
2015.9.26,170,1,2015,9,26,6.04,0,66.5
2015.9.27,124,1,2015,9,27,4.92,0,63.5
2015.9.28,151,1,2015,9,28,3.36,0,71.5
2015.9.29,172,1,2015,9,29,2.68,0.11,77.5
2015.9.30,130,1,2015,9,30,8.28,1.26,69
2015.10.1,117,1,2015,10,1,8.72,0.09,60
2015.10.2,37,1,2015,10,2,12.53,1.08,52.5
2015.10.3,49,1,2015,10,3,11.41,0.35,52
2015.10.4,130,1,2015,10,4,10.74,0,58
2015.10.5,173,1,2015,10,5,6.26,0,59.5
2015.10.6,213,1,2015,10,6,1.57,0,62.5
2015.10.7,199,1,2015,10,7,2.91,0,65.5
2015.10.8,167,1,2015,10,8,3.36,0,65.5
2015.10.9,112,1,2015,10,9,4.03,0.89,69.5
2015.10.10,129,1,2015,10,10,2.46,0,57.5
2015.10.11,114,1,2015,10,11,3.8,0,61
2015.10.12,167,1,2015,10,12,3.8,0,66.5
2015.10.13,150,1,2015,10,13,3.58,0.01,66.5
2015.10.14,156,1,2015,10,14,3.8,0,63
2015.10.15,163,1,2015,10,15,4.03,0,57.5
2015.10.16,159,1,2015,10,16,5.37,0,58.5
2015.10.17,114,1,2015,10,17,5.82,0,49
2015.10.18,81,1,2015,10,18,4.92,0,44
2015.10.19,125,1,2015,10,19,3.8,0,44
2015.10.20,157,1,2015,10,20,6.04,0,59
2015.10.21,180,1,2015,10,21,2.24,0,66.5
2015.10.22,155,1,2015,10,22,4.7,0,66.5
2015.10.23,161,1,2015,10,23,6.71,0,55
2015.10.24,114,1,2015,10,24,4.03,0,48.5
2015.10.25,102,1,2015,10,25,4.92,0.05,58
2015.10.26,147,1,2015,10,26,3.8,0,52
2015.10.27,167,1,2015,10,27,4.47,0,52
2015.10.28,90,1,2015,10,28,6.71,1.4,61
2015.10.29,159,1,2015,10,29,6.49,0.04,65
2015.10.30,154,1,2015,10,30,5.82,0,54.5
2015.10.31,108,1,2015,10,31,2.91,0,49
2015.11.1,112,1,2015,11,1,4.92,0,59.5
2015.11.2,163,1,2015,11,2,2.01,0,58.5
2015.11.3,148,1,2015,11,3,2.46,0,60
2015.11.4,156,1,2015,11,4,2.46,0,63
2015.11.5,138,1,2015,11,5,2.01,0.01,63.5
2015.11.6,130,1,2015,11,6,4.7,0,70
2015.11.7,99,1,2015,11,7,4.47,0,62.5
2015.11.8,101,1,2015,11,8,3.58,0,51
2015.11.9,110,1,2015,11,9,2.01,0,51
2015.11.10,61,1,2015,11,10,9.84,0.26,54
2015.11.11,103,1,2015,11,11,4.92,0.43,53.5
2015.11.12,126,1,2015,11,12,5.59,0.01,56
2015.11.13,109,1,2015,11,13,10.74,0,52
2015.11.14,100,1,2015,11,14,7.83,0,45.5
2015.11.15,97,1,2015,11,15,4.7,0,48.5
2015.11.16,149,1,2015,11,16,4.03,0,59
2015.11.17,126,1,2015,11,17,6.26,0,46
2015.11.18,143,1,2015,11,18,5.14,0,52
2015.11.19,76,1,2015,11,19,5.59,1.25,60.5
2015.11.20,116,1,2015,11,20,5.82,0,55
2015.11.21,90,1,2015,11,21,6.49,0,47.5
2015.11.22,80,1,2015,11,22,6.26,0.03,48.5
2015.11.23,112,1,2015,11,23,5.82,0,38.5
2015.11.24,100,1,2015,11,24,3.8,0,39
2015.11.25,95,1,2015,11,25,2.68,0,43
2015.11.26,39,1,2015,11,26,2.91,0,50.5
2015.11.27,56,1,2015,11,27,3.8,0,57.5
2015.11.28,53,1,2015,11,28,0,0.02,54.5
2015.11.29,60,1,2015,11,29,0,0,43.5
2015.11.30,90,1,2015,11,30,5.59,0,40
2015.12.1,52,1,2015,12,1,6.71,0.33,47.5
2015.12.2,59,1,2015,12,2,2.91,0.14,51.5
2015.12.3,98,1,2015,12,3,8.5,0,49.5
2015.12.4,104,1,2015,12,4,4.25,0,46.5
2015.12.5,88,1,2015,12,5,2.24,0,45.5
2015.12.6,78,1,2015,12,6,3.36,0,46
2015.12.7,101,1,2015,12,7,3.8,0,48
2015.12.8,108,1,2015,12,8,4.47,0,45
2015.12.9,103,1,2015,12,9,4.25,0,47.5
2015.12.10,107,1,2015,12,10,4.25,0,55.5
2015.12.11,114,1,2015,12,11,4.7,0,55.5
2015.12.12,94,1,2015,12,12,2.01,0,60.5
2015.12.13,81,1,2015,12,13,3.36,0,61
2015.12.14,91,1,2015,12,14,4.7,0.33,60
2015.12.15,116,1,2015,12,15,10.51,0.09,60.5
2015.12.16,137,1,2015,12,16,5.37,0.04,49.5
2015.12.17,66,1,2015,12,17,4.92,1.21,54.5
2015.12.18,90,1,2015,12,18,6.71,0,47.5
2015.12.19,56,1,2015,12,19,9.4,0,37.5
2015.12.20,53,1,2015,12,20,6.04,0,38.5
2015.12.21,80,1,2015,12,21,7.16,0,47.5
2015.12.22,74,1,2015,12,22,4.92,0.19,57.5
2015.12.23,37,1,2015,12,23,3.58,1.55,58
2015.12.24,46,1,2015,12,24,4.47,0.01,67.5
2015.12.25,29,1,2015,12,25,0.89,0.01,61.5
2015.12.26,32,1,2015,12,26,8.05,0,53
2015.12.27,33,1,2015,12,27,5.82,0.12,53.5
2015.12.28,57,1,2015,12,28,8.28,0.03,40
2015.12.29,30,1,2015,12,29,6.93,0.45,40
2015.12.30,84,1,2015,12,30,4.03,0.19,43
2015.12.31,65,1,2015,12,31,5.37,0.03,45
2016.1.1,33,1,2016,1,1,7.61,0,38
2016.1.2,33,1,2016,1,2,6.71,0,36
2016.1.3,49,1,2016,1,3,7.83,0,40
2016.1.4,55,1,2016,1,4,8.5,0,25
2016.1.5,55,1,2016,1,5,5.14,0,20
2016.1.6,81,1,2016,1,6,3.58,0,33
2016.1.7,87,1,2016,1,7,2.46,0,38.5
2016.1.8,91,1,2016,1,8,4.25,0,38.5
2016.1.9,56,1,2016,1,9,8.05,0,43.5
2016.1.10,43,1,2016,1,10,9.84,1.8,49.5
2016.1.11,75,1,2016,1,11,10.51,0,33
2016.1.12,81,1,2016,1,12,6.04,0,34.5
2016.1.13,63,1,2016,1,13,9.84,0,26
2016.1.14,79,1,2016,1,14,4.92,0,30
2016.1.15,89,1,2016,1,15,5.14,0,42.5
2016.1.16,41,1,2016,1,16,6.71,0.24,47
2016.1.17,39,1,2016,1,17,5.59,0.05,36
2016.1.18,28,1,2016,1,18,11.86,0,24.5
2016.1.19,44,1,2016,1,19,10.96,0,22
2016.1.20,74,1,2016,1,20,5.59,0,32
2016.1.21,74,1,2016,1,21,6.04,0,31
2016.1.22,55,1,2016,1,22,6.49,0.01,25.5
2016.1.27,8,1,2016,1,27,6.71,0,40.5
2016.1.28,28,1,2016,1,28,4.47,0,37
2016.1.29,37,1,2016,1,29,7.83,0,35.5
2016.1.30,29,1,2016,1,30,6.93,0,33.5
2016.1.31,47,1,2016,1,31,5.14,0,46
2016.2.1,82,1,2016,2,1,5.82,0.01,51.5
2016.2.2,98,1,2016,2,2,3.58,0,44
2016.2.3,39,1,2016,2,3,6.49,0.73,50.5
2016.2.4,90,1,2016,2,4,5.82,0,51.5
2016.2.5,34,1,2016,2,5,8.28,0.53,37.5
2016.2.6,43,1,2016,2,6,5.59,0,35
2016.2.7,66,1,2016,2,7,5.37,0,40
2016.2.8,59,1,2016,2,8,10.51,0.05,33.5
2016.2.9,54,1,2016,2,9,4.03,0,31.5
2016.2.10,62,1,2016,2,10,5.82,0.01,35
2016.2.11,54,1,2016,2,11,10.07,0,24.5
2016.2.12,42,1,2016,2,12,6.71,0,21
2016.2.13,12,1,2016,2,13,12.3,0,14
2016.2.14,16,1,2016,2,14,6.26,0,7
2016.2.15,13,1,2016,2,15,5.37,0.44,24
2016.2.16,38,1,2016,2,16,7.83,1.01,44.5
2016.2.17,66,1,2016,2,17,7.38,0,37
2016.2.18,60,1,2016,2,18,7.16,0,31.5
2016.2.19,61,1,2016,2,19,5.37,0,31.5
2016.2.20,82,1,2016,2,20,7.38,0,50
2016.2.21,64,1,2016,2,21,4.92,0.03,49.5
2016.2.22,88,1,2016,2,22,5.14,0,45
2016.2.23,49,1,2016,2,23,14.54,0.3,37.5
2016.2.24,30,1,2016,2,24,10.51,1.22,48
2016.2.25,66,1,2016,2,25,8.95,0.02,49
2016.2.26,55,1,2016,2,26,8.72,0,33
2016.2.27,56,1,2016,2,27,6.04,0,33.5
2016.2.28,74,1,2016,2,28,7.38,0,49
2016.2.29,76,1,2016,2,29,8.5,0.05,54
2016.3.1,81,1,2016,3,1,7.61,0,45.5
2016.3.2,63,1,2016,3,2,10.51,0.14,42
2016.3.3,61,1,2016,3,3,5.82,0,31
2016.3.4,43,1,2016,3,4,8.72,0.11,34.5
2016.3.5,53,1,2016,3,5,4.25,0,34.5
2016.3.6,63,1,2016,3,6,3.36,0,38
2016.3.7,82,1,2016,3,7,7.83,0,48
2016.3.8,102,1,2016,3,8,3.36,0,57
2016.3.9,130,1,2016,3,9,2.24,0,60.5
2016.3.10,106,1,2016,3,10,4.92,0,71
2016.3.11,90,1,2016,3,11,6.04,0.06,58
2016.3.12,96,1,2016,3,12,5.14,0,49.5
2016.3.13,95,1,2016,3,13,3.58,0,56
2016.3.14,33,1,2016,3,14,14.09,0.29,45.5
2016.3.15,93,1,2016,3,15,5.37,0,50.5
2016.3.16,95,1,2016,3,16,3.58,0.02,56.5
2016.3.17,104,1,2016,3,17,4.92,0,54
2016.3.18,108,1,2016,3,18,8.72,0,49.5
2016.3.19,91,1,2016,3,19,5.14,0,41
2016.3.20,60,1,2016,3,20,9.62,0.07,37.5
2016.3.21,72,1,2016,3,21,8.05,0.06,41
2016.3.22,104,1,2016,3,22,6.93,0,45.5
2016.3.23,120,1,2016,3,23,6.04,0,59.5
2016.3.24,126,1,2016,3,24,9.17,0,49.5
2016.3.25,79,1,2016,3,25,3.8,0.04,58
2016.3.26,79,1,2016,3,26,6.49,0,46.5
2016.3.27,65,1,2016,3,27,5.59,0,49
2016.3.28,49,1,2016,3,28,10.07,0.38,52
2016.3.29,95,1,2016,3,29,11.63,0,46.5
2016.3.30,93,1,2016,3,30,5.37,0,46.5
2016.3.31,117,1,2016,3,31,6.71,0,61
2016.4.1,95,1,2016,4,1,6.71,0.02,70
2016.4.2,66,1,2016,4,2,4.92,0.16,55
2016.4.3,46,1,2016,4,3,12.75,0.09,42
2016.4.4,39,1,2016,4,4,7.16,0.47,37
2016.4.5,86,1,2016,4,5,8.28,0,34.5
2016.4.6,85,1,2016,4,6,6.04,0,39
2016.4.7,97,1,2016,4,7,6.93,0.09,53
2016.4.8,97,1,2016,4,8,7.16,0.01,45
2016.4.9,46,1,2016,4,9,6.49,0.11,39.5
2016.4.10,60,1,2016,4,10,4.92,0,40.5
2016.4.11,91,1,2016,4,11,6.93,0.01,54
2016.4.12,87,1,2016,4,12,5.82,0.2,52
2016.4.13,130,1,2016,4,13,4.47,0,49
2016.4.14,126,1,2016,4,14,6.49,0,52.5
2016.4.15,122,1,2016,4,15,3.8,0,53.5
2016.4.16,115,1,2016,4,16,4.92,0,55.5
2016.4.17,108,1,2016,4,17,2.91,0,59.5
2016.4.18,142,1,2016,4,18,3.8,0,66.5
2016.4.19,144,1,2016,4,19,7.61,0,64
2016.4.20,141,1,2016,4,20,6.04,0,59
2016.4.21,155,1,2016,4,21,5.59,0,61
2016.4.22,131,1,2016,4,22,4.25,0,70.5
2016.4.23,118,1,2016,4,23,7.16,0.16,62.5
2016.4.24,103,1,2016,4,24,5.82,0,57.5
2016.4.25,127,1,2016,4,25,4.03,0,59.5
2016.4.26,121,1,2016,4,26,7.16,0.24,53.5
2016.4.27,141,1,2016,4,27,4.25,0,54
2016.4.28,133,1,2016,4,28,4.7,0,53.5
2016.4.29,95,1,2016,4,29,5.82,0.05,51.5
2016.4.30,107,1,2016,4,30,5.82,0,55.5
2016.5.1,27,1,2016,5,1,4.92,0.16,48
2016.5.2,124,1,2016,5,2,2.24,0.04,52.5
2016.5.3,79,1,2016,5,3,6.04,0.61,53.5
2016.5.4,117,1,2016,5,4,8.72,0.01,50
2016.5.5,113,1,2016,5,5,8.28,0,51.5
2016.5.6,51,1,2016,5,6,7.83,0.54,51
2016.5.7,82,1,2016,5,7,4.47,0,54
2016.5.8,94,1,2016,5,8,4.7,0.16,57.5
2016.5.9,142,1,2016,5,9,5.14,0,62
2016.5.10,146,1,2016,5,10,4.92,0,56.5
2016.5.11,156,1,2016,5,11,2.46,0,63
2016.5.12,169,1,2016,5,12,3.36,0,68
2016.5.13,96,1,2016,5,13,0,0.25,61
2016.5.14,139,1,2016,5,14,0,0,64.5
2016.5.15,107,1,2016,5,15,0,0,52.5
2016.5.16,139,1,2016,5,16,0,0,54.5
2016.5.17,161,1,2016,5,17,3.8,0,58
2016.5.18,128,1,2016,5,18,0,0,60
2016.5.19,171,1,2016,5,19,1.34,0,63.5
2016.5.20,146,1,2016,5,20,4.47,0,64.5
2016.5.21,81,1,2016,5,21,3.8,0.04,60
2016.5.22,91,1,2016,5,22,3.58,0.09,61
2016.5.23,146,1,2016,5,23,2.46,0.02,67
2016.5.24,126,1,2016,5,24,2.01,0.18,65.5
2016.5.25,162,1,2016,5,25,4.25,0,74.5
2016.5.26,164,1,2016,5,26,3.58,0,79.5
2016.5.27,148,1,2016,5,27,3.8,0,80
2016.5.28,110,1,2016,5,28,4.47,0,81.5
2016.5.29,82,1,2016,5,29,4.92,0,78.5
2016.5.30,94,1,2016,5,30,3.13,1.65,75
2016.5.31,173,1,2016,5,31,3.13,0,78
2016.6.1,166,1,2016,6,1,6.04,0,74.5
2016.6.2,163,1,2016,6,2,4.7,0,70
2016.6.3,107,1,2016,6,3,1.34,0.04,66.5
2016.6.4,112,1,2016,6,4,2.46,0.4,74.5
2016.6.5,97,1,2016,6,5,3.36,0.91,68
2016.6.6,162,1,2016,6,6,5.59,0,74
2016.6.7,171,1,2016,6,7,5.14,0,74.5
2016.6.8,137,1,2016,6,8,7.61,0.45,59.5
2016.6.9,179,1,2016,6,9,8.95,0,62.5
2016.6.10,166,1,2016,6,10,5.37,0,67
2016.6.11,143,1,2016,6,11,3.36,0,73.5
2016.6.12,144,1,2016,6,12,8.05,0,72.5
2016.6.13,151,1,2016,6,13,7.38,0,65.5
2016.6.14,155,1,2016,6,14,4.25,0,68.5
2016.6.15,187,1,2016,6,15,2.46,0,73.5
2016.6.16,152,1,2016,6,16,1.79,0.22,69.5
2016.6.17,164,1,2016,6,17,4.7,0,70.5
2016.6.18,134,1,2016,6,18,2.68,0,74
2016.6.19,127,1,2016,6,19,2.91,0,77
2016.6.20,200,1,2016,6,20,3.13,0,74
2016.6.21,200,1,2016,6,21,4.92,0,79.5
2016.6.22,180,1,2016,6,22,4.03,0,77
2016.6.23,181,1,2016,6,23,2.01,0,76
2016.6.24,201,1,2016,6,24,6.26,0,75.5
2016.6.25,154,1,2016,6,25,3.58,0,75
2016.6.26,148,1,2016,6,26,2.46,0,77
2016.6.27,166,1,2016,6,27,4.92,0.45,75
2016.6.28,146,1,2016,6,28,3.58,0.12,72
2016.6.29,151,1,2016,6,29,2.24,0.01,75
2016.6.30,172,1,2016,6,30,2.91,0,76
2016.7.1,135,1,2016,7,1,3.36,0.83,72.5
2016.7.2,138,1,2016,7,2,5.37,0,69.5
2016.7.3,101,1,2016,7,3,3.13,0,71
2016.7.4,122,1,2016,7,4,3.13,0.49,75
2016.7.5,155,1,2016,7,5,2.91,0.66,77.5
2016.7.6,157,1,2016,7,6,2.46,0,83
2016.7.7,175,1,2016,7,7,2.01,0.04,83
2016.7.8,144,1,2016,7,8,5.37,0.08,76.5
2016.7.9,120,1,2016,7,9,4.03,0.53,68.5
2016.7.10,152,1,2016,7,10,4.25,0,73
2016.7.11,155,1,2016,7,11,3.36,0,73
2016.7.12,192,1,2016,7,12,4.25,0,75
2016.7.13,155,1,2016,7,13,4.7,0,78
2016.7.14,171,1,2016,7,14,2.91,0.62,80.5
2016.7.15,145,1,2016,7,15,4.47,0,83.5
2016.7.16,127,1,2016,7,16,4.25,0,82.5
2016.7.17,164,1,2016,7,17,2.68,0,82
2016.7.18,150,1,2016,7,18,5.82,0.35,82.5
2016.7.19,174,1,2016,7,19,4.92,0,78
2016.7.20,191,1,2016,7,20,3.13,0,76.5
2016.7.21,209,1,2016,7,21,5.14,0,80.5
2016.7.22,177,1,2016,7,22,6.49,0,84
2016.7.23,155,1,2016,7,23,4.92,0,88
2016.7.24,166,1,2016,7,24,4.03,0,84.5
2016.7.25,116,1,2016,7,25,3.36,1,83
2016.7.26,218,1,2016,7,26,4.25,0,80.5
2016.7.27,214,1,2016,7,27,2.01,0,82.5
2016.7.28,179,1,2016,7,28,3.13,0,85
2016.7.29,149,1,2016,7,29,4.25,1.09,77
2016.7.30,115,1,2016,7,30,3.58,0.25,78.5
2016.7.31,124,1,2016,7,31,4.25,1.08,74.5
2016.8.1,185,1,2016,8,1,4.92,0,74.5
2016.8.2,225,1,2016,8,2,6.93,0,73.5
2016.8.3,256,1,2016,8,3,2.91,0,73
2016.8.4,248,1,2016,8,4,2.01,0,74
2016.8.5,237,1,2016,8,5,3.8,0,76
2016.8.6,190,1,2016,8,6,5.14,0.05,79.5
2016.8.7,188,1,2016,8,7,4.03,0,78
2016.8.8,226,1,2016,8,8,1.34,0,78.5
2016.8.9,264,1,2016,8,9,2.68,0,79
2016.8.10,227,1,2016,8,10,4.03,0.09,80.5
2016.8.11,209,1,2016,8,11,4.47,0.15,82.5
2016.8.12,201,1,2016,8,12,5.14,0.32,83
2016.8.13,147,1,2016,8,13,4.03,0,88.5
2016.8.14,152,1,2016,8,14,3.8,0.06,86
2016.8.15,261,1,2016,8,15,2.91,0,84.5
2016.8.16,207,1,2016,8,16,4.03,0.11,82.5
2016.8.17,258,1,2016,8,17,5.37,0.01,81
2016.8.18,258,1,2016,8,18,1.57,0.03,78.5
2016.8.19,224,1,2016,8,19,2.24,0.01,81
2016.8.20,174,1,2016,8,20,4.7,0.82,76.5
2016.8.21,129,1,2016,8,21,4.25,0.31,79.5
2016.8.22,225,1,2016,8,22,5.82,0,72
2016.8.23,227,1,2016,8,23,1.79,0,71.5
2016.8.24,253,1,2016,8,24,0,0,78
2016.8.25,259,1,2016,8,25,0,0.01,77.5
2016.8.26,252,1,2016,8,26,0,0,82.5
2016.8.27,192,1,2016,8,27,2.68,0,81
2016.8.28,203,1,2016,8,28,2.46,0,80.5
2016.8.29,244,1,2016,8,29,5.37,0,82.5
2016.8.30,251,1,2016,8,30,3.13,0,77.5
2016.8.31,251,1,2016,8,31,3.36,0,81.5
2016.9.1,194,1,2016,9,1,1.79,0.5,74
2016.9.2,255,1,2016,9,2,6.04,0,73.5
2016.9.3,170,1,2016,9,3,6.71,0,70.5
2016.9.4,165,1,2016,9,4,6.71,0,72.5
2016.9.5,149,1,2016,9,5,7.61,0,74.5
2016.9.6,266,1,2016,9,6,9.62,0,75.5
2016.9.7,298,1,2016,9,7,6.49,0,78
2016.9.8,282,1,2016,9,8,2.68,0,80
2016.9.9,273,1,2016,9,9,3.8,0.22,83
2016.9.10,232,1,2016,9,10,4.03,0,82
2016.9.11,188,1,2016,9,11,5.82,0,75
2016.9.12,278,1,2016,9,12,4.25,0,70
2016.9.13,327,1,2016,9,13,4.03,0,73.5
2016.9.14,276,1,2016,9,14,4.92,0.56,79
2016.9.15,311,1,2016,9,15,4.92,0,67.5
2016.9.16,284,1,2016,9,16,2.68,0,67
2016.9.17,200,1,2016,9,17,3.36,0,68
2016.9.18,206,1,2016,9,18,3.58,0,76
2016.9.19,119,1,2016,9,19,2.46,0.68,72.5
2016.9.20,252,1,2016,9,20,2.24,0,75
2016.9.21,266,1,2016,9,21,3.8,0,76
2016.9.22,282,1,2016,9,22,2.46,0,75.5
2016.9.23,306,1,2016,9,23,1.79,0.01,75.5
2016.9.24,198,1,2016,9,24,5.14,0.2,64.5
2016.9.25,196,1,2016,9,25,2.91,0,62
2016.9.26,277,1,2016,9,26,4.47,0,64
2016.9.27,281,1,2016,9,27,3.13,0.22,69
2016.9.28,290,1,2016,9,28,8.05,0,62.5
2016.9.29,251,1,2016,9,29,11.18,0,60.5
2016.9.30,89,1,2016,9,30,9.62,0.4,57.5
2016.10.1,170,1,2016,10,1,7.61,0,59
2016.10.2,164,1,2016,10,2,2.68,0,60
2016.10.3,236,1,2016,10,3,2.24,0,66
2016.10.4,268,1,2016,10,4,7.61,0,64.5
2016.10.5,262,1,2016,10,5,4.7,0,60
2016.10.6,245,1,2016,10,6,2.01,0,64
2016.10.7,270,1,2016,10,7,2.46,0,66
2016.10.8,158,1,2016,10,8,2.01,0.23,63
2016.10.9,80,1,2016,10,9,7.38,0.55,58
2016.10.10,221,1,2016,10,10,4.7,0,55.5
2016.10.11,239,1,2016,10,11,3.58,0,54.5
2016.10.12,281,1,2016,10,12,1.12,0,59.5
2016.10.13,244,1,2016,10,13,2.91,0,60
2016.10.14,257,1,2016,10,14,4.7,0,54.5
2016.10.15,224,1,2016,10,15,3.13,0,55
2016.10.16,167,1,2016,10,16,4.03,0,61
2016.10.17,240,1,2016,10,17,2.68,0,72
2016.10.18,270,1,2016,10,18,4.03,0,74
2016.10.19,248,1,2016,10,19,4.47,0,75
2016.10.20,262,1,2016,10,20,6.26,0,66
2016.10.21,159,1,2016,10,21,2.24,1.11,63
2016.10.22,88,1,2016,10,22,10.51,0.29,52
2016.10.23,159,1,2016,10,23,8.5,0,53
2016.10.24,251,1,2016,10,24,6.04,0,54.5
2016.10.25,201,1,2016,10,25,6.49,0,47.5
2016.10.26,209,1,2016,10,26,4.03,0,44.5
2016.10.27,108,1,2016,10,27,5.14,1.41,47.5
2016.10.28,187,1,2016,10,28,8.28,0,46.5
2016.10.29,153,1,2016,10,29,4.25,0,51.5
2016.10.30,117,1,2016,10,30,3.8,0.56,65
2016.10.31,226,1,2016,10,31,4.92,0,49
2016.11.1,210,1,2016,11,1,3.13,0,49
2016.11.2,249,1,2016,11,2,3.13,0,62
2016.11.3,203,1,2016,11,3,5.14,0,64.5
2016.11.4,209,1,2016,11,4,4.7,0,54
2016.11.5,178,1,2016,11,5,3.13,0,53
2016.11.6,147,1,2016,11,6,7.61,0,52
2016.11.7,204,1,2016,11,7,5.37,0,47
2016.11.8,228,1,2016,11,8,2.46,0,53.5
2016.11.9,166,1,2016,11,9,3.58,0.06,54
2016.11.10,223,1,2016,11,10,5.82,0,48
2016.11.11,166,1,2016,11,11,8.28,0,52
2016.11.12,136,1,2016,11,12,5.37,0,43.5
2016.11.13,131,1,2016,11,13,5.37,0,51
2016.11.14,232,1,2016,11,14,3.58,0,54
2016.11.15,90,1,2016,11,15,5.59,1.81,51.5
2016.11.16,209,1,2016,11,16,4.03,0,53
2016.11.17,216,1,2016,11,17,4.25,0,55
2016.11.18,194,1,2016,11,18,2.46,0,54
2016.11.19,174,1,2016,11,19,4.92,0.25,50
2016.11.20,69,1,2016,11,20,10.29,0.31,38
2016.11.21,141,1,2016,11,21,13.2,0,38.5
2016.11.22,160,1,2016,11,22,9.62,0,39
2016.11.23,159,1,2016,11,23,4.92,0,40
2016.11.24,58,1,2016,11,24,4.47,0.03,43
2016.11.25,64,1,2016,11,25,2.01,0.02,49.5
2016.11.26,83,1,2016,11,26,4.47,0,45
2016.11.27,95,1,2016,11,27,4.7,0,44.5
2016.11.28,148,1,2016,11,28,3.36,0,45
2016.11.29,68,1,2016,11,29,4.92,2.2,55.5
2016.11.30,99,1,2016,11,30,6.26,0.73,54
2016.12.1,161,1,2016,12,1,7.61,0.07,48
2016.12.2,154,1,2016,12,2,8.72,0,45.5
2016.12.3,97,1,2016,12,3,8.72,0,44
2016.12.4,76,1,2016,12,4,4.92,0,43
2016.12.5,144,1,2016,12,5,5.59,0.19,43.5
2016.12.6,142,1,2016,12,6,5.37,0.35,41.5
2016.12.7,144,1,2016,12,7,3.8,0.09,43
2016.12.8,126,1,2016,12,8,0,0,40
2016.12.9,142,1,2016,12,9,0,0,34
2016.12.10,83,1,2016,12,10,6.04,0,31.5
2016.12.11,66,1,2016,12,11,4.03,0.03,31.5
2016.12.12,113,1,2016,12,12,6.26,0.5,40
2016.12.13,143,1,2016,12,13,4.03,0,39
2016.12.14,134,1,2016,12,14,5.59,0,38
2016.12.15,109,1,2016,12,15,10.96,0,26.5
2016.12.16,105,1,2016,12,16,6.04,0,22
2016.12.17,17,1,2016,12,17,4.25,0.73,31.5
2016.12.18,48,1,2016,12,18,7.38,0.04,44.5
2016.12.19,98,1,2016,12,19,6.71,0,27
2016.12.20,112,1,2016,12,20,3.13,0,26.5
2016.12.21,117,1,2016,12,21,2.91,0,35
2016.12.22,117,1,2016,12,22,6.26,0,43
2016.12.23,106,1,2016,12,23,6.49,0,42.5
2016.12.24,42,1,2016,12,24,4.92,0.47,42.5
2016.12.25,40,1,2016,12,25,6.26,0,43
2016.12.26,40,1,2016,12,26,6.49,0.02,41.5
2016.12.27,112,1,2016,12,27,7.16,0,50
2016.12.28,95,1,2016,12,28,5.14,0,37
2016.12.29,50,1,2016,12,29,5.37,0.39,39.5
2016.12.30,72,1,2016,12,30,9.4,0.01,36.5
2016.12.31,61,1,2016,12,31,6.93,0,37.5
2017.1.1,58,1,2017,1,1,5.59,0,44
2017.1.2,24,1,2017,1,2,9.17,0.21,39
2017.1.3,60,1,2017,1,3,10.74,0.58,41
2017.1.4,114,1,2017,1,4,8.05,0,43
2017.1.5,103,1,2017,1,5,7.83,0,30.5
2017.1.6,76,1,2017,1,6,4.7,0.05,29
2017.1.7,18,1,2017,1,7,7.61,0.32,23
2017.1.8,21,1,2017,1,8,8.72,0,20.5
2017.1.9,57,1,2017,1,9,5.14,0,18.5
2017.1.10,72,1,2017,1,10,4.7,0,33.5
2017.1.11,120,1,2017,1,11,5.82,0.52,47
2017.1.12,113,1,2017,1,12,7.61,0.05,56.5
2017.1.13,115,1,2017,1,13,7.16,0,47
2017.1.14,53,1,2017,1,14,4.25,0.12,31
2017.1.15,60,1,2017,1,15,4.25,0,34
2017.1.16,84,1,2017,1,16,4.7,0,36.5
2017.1.17,71,1,2017,1,17,4.92,0.35,40
2017.1.18,110,1,2017,1,18,5.82,0.06,39.5
2017.1.19,123,1,2017,1,19,3.58,0,44
2017.1.20,94,1,2017,1,20,4.03,0.1,42.5
2017.1.21,93,1,2017,1,21,3.8,0,45
2017.1.22,70,1,2017,1,22,6.71,0.05,45.5
2017.1.23,52,1,2017,1,23,18.34,1.16,40
2017.1.24,33,1,2017,1,24,10.07,1.18,36.5
2017.1.25,107,1,2017,1,25,6.71,0,43.5
2017.1.26,110,1,2017,1,26,6.71,0.02,49.5
2017.1.27,109,1,2017,1,27,8.95,0,39.5
2017.1.28,61,1,2017,1,28,7.83,0,36.5
2017.1.29,91,1,2017,1,29,5.82,0,39
2017.1.30,107,1,2017,1,30,6.26,0,33.5
2017.1.31,83,1,2017,1,31,4.03,0.06,30
2017.2.1,94,1,2017,2,1,5.82,0,40
2017.2.2,115,1,2017,2,2,5.37,0,38.5
2017.2.3,96,1,2017,2,3,6.71,0,29.5
2017.2.4,66,1,2017,2,4,8.5,0,28
2017.2.5,66,1,2017,2,5,7.16,0,37
2017.2.6,112,1,2017,2,6,5.14,0,42.5
2017.2.7,91,1,2017,2,7,6.71,0.27,39
2017.2.8,123,1,2017,2,8,4.7,0.03,50
2017.2.10,10,1,2017,2,10,8.5,0,25.5
2017.2.11,39,1,2017,2,11,4.03,0,39
2017.2.12,15,1,2017,2,12,7.16,0.46,35
2017.2.13,54,1,2017,2,13,12.3,0.02,35
2017.2.14,114,1,2017,2,14,5.37,0,34.5
2017.2.15,93,1,2017,2,15,6.49,0,41
2017.2.16,108,1,2017,2,16,10.51,0,31.5
2017.2.17,91,1,2017,2,17,8.5,0,33.5
2017.2.18,97,1,2017,2,18,5.82,0,49
2017.2.19,128,1,2017,2,19,5.59,0,59
2017.2.20,116,1,2017,2,20,7.38,0,47
2017.2.21,125,1,2017,2,21,5.82,0,40.5
2017.2.22,135,1,2017,2,22,2.91,0,49.5
2017.2.23,139,1,2017,2,23,3.58,0,54.5
2017.2.24,127,1,2017,2,24,6.04,0,64
2017.2.25,135,1,2017,2,25,6.71,0.54,53.5
2017.2.26,73,1,2017,2,26,8.95,0,40
2017.2.27,153,1,2017,2,27,5.59,0,44.5
2017.2.28,154,1,2017,2,28,4.03,0,53
2017.3.1,150,1,2017,3,1,6.04,0.12,62
2017.3.2,136,1,2017,3,2,11.41,0,49.5
2017.3.3,113,1,2017,3,3,8.28,0,31.5
2017.3.4,57,1,2017,3,4,8.95,0,23.5
2017.3.5,55,1,2017,3,5,5.37,0,25.5
2017.3.6,124,1,2017,3,6,3.36,0,35.5
2017.3.7,120,1,2017,3,7,4.25,0.1,49
2017.3.8,151,1,2017,3,8,7.61,0.02,53
2017.3.9,148,1,2017,3,9,8.72,0,54
2017.3.10,64,1,2017,3,10,7.61,0.31,35
2017.3.11,60,1,2017,3,11,9.62,0,23
2017.3.12,58,1,2017,3,12,8.95,0,24
2017.3.13,95,1,2017,3,13,4.47,0,28
2017.3.18,5,1,2017,3,18,8.72,0.08,36.5
2017.3.19,25,1,2017,3,19,8.28,0,40.5
2017.3.20,64,1,2017,3,20,5.14,0,42.5
2017.3.21,123,1,2017,3,21,4.03,0,50.5
2017.3.22,77,1,2017,3,22,11.41,0,37
2017.3.23,114,1,2017,3,23,4.92,0,32.5
2017.3.24,115,1,2017,3,24,6.26,0,46.5
2017.3.25,81,1,2017,3,25,6.71,0.01,52
2017.3.26,64,1,2017,3,26,8.28,0.14,39.5
2017.3.27,89,1,2017,3,27,4.25,0.26,45
2017.3.28,70,1,2017,3,28,5.82,0.72,43.5
2017.3.29,127,1,2017,3,29,7.83,0,51
2017.3.30,120,1,2017,3,30,5.82,0.01,45
2017.3.31,25,1,2017,3,31,10.29,1.51,40
2017.4.1,73,1,2017,4,1,7.61,0,42.5
2017.4.2,134,1,2017,4,2,5.37,0,51.5
2017.4.3,117,1,2017,4,3,4.92,0.03,55.5
2017.4.4,89,1,2017,4,4,6.93,1.18,48
2017.4.5,133,1,2017,4,5,3.36,0,55
2017.4.6,53,1,2017,4,6,9.17,0.73,46.5
2017.4.7,96,1,2017,4,7,10.51,0,45.5
2017.4.8,100,1,2017,4,8,8.28,0,48.5
2017.4.9,134,1,2017,4,9,4.92,0,56
2017.4.10,138,1,2017,4,10,6.04,0,63.5
2017.4.11,178,1,2017,4,11,5.59,0,70.5
2017.4.12,144,1,2017,4,12,2.91,0.02,67
2017.4.13,147,1,2017,4,13,5.14,0,56.5
2017.4.14,137,1,2017,4,14,3.8,0,57
2017.4.15,92,1,2017,4,15,5.59,0,58
2017.4.16,156,1,2017,4,16,7.38,0,73
2017.4.17,161,1,2017,4,17,6.71,0,66
2017.4.18,140,1,2017,4,18,6.93,0,56
2017.4.19,152,1,2017,4,19,5.59,0,49.5
2017.4.20,143,1,2017,4,20,4.03,0.17,58
2017.4.21,116,1,2017,4,21,7.38,0.29,50.5
2017.4.22,92,1,2017,4,22,3.58,0.11,53
2017.4.23,152,1,2017,4,23,4.92,0,56
2017.4.24,139,1,2017,4,24,3.58,0,54
2017.4.25,62,1,2017,4,25,13.2,0.91,51.5
2017.4.26,124,1,2017,4,26,4.92,0.34,56.5
2017.4.27,139,1,2017,4,27,2.91,0,63.5
2017.4.28,199,1,2017,4,28,3.13,0,71.5
2017.4.29,182,1,2017,4,29,5.14,0.06,74.5
2017.4.30,110,1,2017,4,30,6.71,0,59.5
2017.5.1,221,1,2017,5,1,5.14,0,61.5
2017.5.2,177,1,2017,5,2,7.83,0,68.5
2017.5.3,201,1,2017,5,3,8.28,0,58
2017.5.4,194,1,2017,5,4,5.37,0,55.5
2017.5.5,82,1,2017,5,5,6.49,3.02,55
2017.5.6,167,1,2017,5,6,6.04,0.18,59.5
2017.5.7,92,1,2017,5,7,5.59,0.01,51.5
2017.5.8,178,1,2017,5,8,5.82,0,50.5
2017.5.9,219,1,2017,5,9,4.47,0,55
2017.5.10,184,1,2017,5,10,3.36,0,56
2017.5.11,194,1,2017,5,11,3.58,0,56.5
2017.5.12,172,1,2017,5,12,4.03,0,56.5
2017.5.13,12,1,2017,5,13,7.61,1.61,49
2017.5.14,145,1,2017,5,14,5.37,0.02,56.5
2017.5.15,207,1,2017,5,15,8.95,0,60.5
2017.5.16,238,1,2017,5,16,4.25,0,67.5
2017.5.17,219,1,2017,5,17,5.59,0,77.5
2017.5.18,185,1,2017,5,18,5.59,0,83.5
2017.5.19,188,1,2017,5,19,6.26,0,78.5
2017.5.20,168,1,2017,5,20,4.03,0.01,60
2017.5.21,187,1,2017,5,21,4.03,0,60.5
2017.5.22,93,1,2017,5,22,2.68,0.59,57
2017.5.23,241,1,2017,5,23,2.24,0,62.5
2017.5.24,218,1,2017,5,24,4.92,0.04,62.5
2017.5.25,62,1,2017,5,25,8.05,0.58,57.5
2017.5.26,218,1,2017,5,26,4.92,0.1,64.5
2017.5.27,135,1,2017,5,27,3.13,0,65
2017.5.28,130,1,2017,5,28,4.47,0,64.5
2017.5.29,77,1,2017,5,29,5.14,0.13,58.5
2017.5.30,191,1,2017,5,30,2.68,0.06,57.5
2017.5.31,204,1,2017,5,31,2.46,0.03,66.5
2017.6.1,257,1,2017,6,1,3.8,0,69
2017.6.2,238,1,2017,6,2,4.47,0.01,66.5
2017.6.3,202,1,2017,6,3,3.58,0.01,64
2017.6.4,150,1,2017,6,4,2.24,0.09,63
2017.6.5,211,1,2017,6,5,4.92,0.02,62.5
2017.6.6,180,1,2017,6,6,7.16,0.06,55
2017.6.7,243,1,2017,6,7,3.36,0,59
2017.6.8,249,1,2017,6,8,3.8,0,62
2017.6.9,246,1,2017,6,9,4.7,0,66.5
2017.6.10,201,1,2017,6,10,3.58,0,75.5
2017.6.11,192,1,2017,6,11,5.14,0,81
2017.6.12,230,1,2017,6,12,3.8,0,84.5
2017.6.13,228,1,2017,6,13,3.13,0,85.5
2017.6.14,227,1,2017,6,14,4.7,0.29,76.5
2017.6.15,265,1,2017,6,15,4.25,0,70
2017.6.16,214,1,2017,6,16,5.14,0,65.5
2017.6.17,134,1,2017,6,17,2.24,1.39,70
2017.6.18,175,1,2017,6,18,3.58,0,77.5
2017.6.19,168,1,2017,6,19,3.8,1.35,79
2017.6.20,261,1,2017,6,20,5.14,0.03,77
2017.6.21,241,1,2017,6,21,4.7,0,77
2017.6.22,274,1,2017,6,22,2.24,0,75.5
2017.6.23,214,1,2017,6,23,4.92,0.04,79.5
2017.6.24,184,1,2017,6,24,5.37,1.29,77.5
2017.6.25,226,1,2017,6,25,2.46,0,75.5
2017.6.26,268,1,2017,6,26,3.13,0,71.5
2017.6.27,249,1,2017,6,27,3.58,0.18,68.5
2017.6.28,270,1,2017,6,28,4.92,0,69.5
2017.6.29,268,1,2017,6,29,5.37,0,75
2017.6.30,237,1,2017,6,30,5.82,0,80.5
2017.7.1,139,1,2017,7,1,4.03,0.23,78
2017.7.2,131,1,2017,7,2,4.92,0,79.5
2017.7.3,205,1,2017,7,3,1.79,0.45,79.5
2017.7.4,200,1,2017,7,4,2.68,0,77.5
2017.7.5,257,1,2017,7,5,4.92,0,77.5
2017.7.6,275,1,2017,7,6,3.58,0,74
2017.7.7,177,1,2017,7,7,5.37,1.78,74
2017.7.8,199,1,2017,7,8,3.36,0,76.5
2017.7.9,204,1,2017,7,9,3.58,0,74
2017.7.10,273,1,2017,7,10,3.36,0,76
2017.7.11,277,1,2017,7,11,3.13,0,80
2017.7.12,268,1,2017,7,12,5.14,0,82.5
2017.7.13,240,1,2017,7,13,4.92,0,81.5
2017.7.14,131,1,2017,7,14,4.7,0.35,69
2017.7.15,227,1,2017,7,15,3.36,0,76
2017.7.16,225,1,2017,7,16,2.68,0,77.5
2017.7.17,234,1,2017,7,17,2.68,0,79
2017.7.18,284,1,2017,7,18,2.91,0,80.5
2017.7.19,259,1,2017,7,19,3.13,0,84.5
2017.7.20,259,1,2017,7,20,2.91,0.01,85.5
2017.7.21,223,1,2017,7,21,3.8,0,84
2017.7.22,189,1,2017,7,22,2.46,0.57,81.5
2017.7.23,164,1,2017,7,23,2.68,0.06,75
2017.7.24,185,1,2017,7,24,6.71,0.74,68
2017.7.25,269,1,2017,7,25,5.14,0,66.5
2017.7.26,317,1,2017,7,26,3.8,0,71
2017.7.27,262,1,2017,7,27,2.46,0,71.5
2017.7.28,241,1,2017,7,28,2.91,0,78
2017.7.29,202,1,2017,7,29,9.4,0,72
2017.7.30,221,1,2017,7,30,4.25,0,73
2017.7.31,253,1,2017,7,31,2.01,0,77
2017.8.1,288,1,2017,8,1,2.68,0,81.5
2017.8.2,224,1,2017,8,2,1.57,0.09,77.5
2017.8.3,256,1,2017,8,3,1.79,0,77.5
2017.8.4,234,1,2017,8,4,4.25,0.15,76.5
2017.8.5,179,1,2017,8,5,4.47,0.3,73.5
2017.8.6,198,1,2017,8,6,3.8,0,70
2017.8.7,91,1,2017,8,7,2.46,0.76,67.5
2017.8.8,260,1,2017,8,8,2.91,0,71.5
2017.8.9,275,1,2017,8,9,1.34,0,74.5
2017.8.10,275,1,2017,8,10,2.24,0,75.5
2017.8.11,259,1,2017,8,11,2.68,0,75.5
2017.8.12,218,1,2017,8,12,3.36,0.11,70.5
2017.8.13,191,1,2017,8,13,3.8,0,77
2017.8.14,262,1,2017,8,14,2.24,0,75
2017.8.15,211,1,2017,8,15,1.12,0.45,71
2017.8.16,271,1,2017,8,16,2.24,0,78.5
2017.8.17,303,1,2017,8,17,3.13,0,76
2017.8.18,134,1,2017,8,18,3.36,0.88,77.5
2017.8.19,220,1,2017,8,19,2.91,0,79.5
2017.8.20,220,1,2017,8,20,4.47,0,75
2017.8.21,249,1,2017,8,21,3.36,0,79
2017.8.22,296,1,2017,8,22,5.14,0.3,80.5
2017.8.23,302,1,2017,8,23,4.03,0,75.5
2017.8.24,277,1,2017,8,24,3.13,0,72.5
2017.8.25,269,1,2017,8,25,2.46,0,70.5
2017.8.26,205,1,2017,8,26,3.8,0,70
2017.8.27,210,1,2017,8,27,4.47,0,70.5
2017.8.28,240,1,2017,8,28,6.26,0,69.5
2017.8.29,167,1,2017,8,29,8.05,0.29,64.5
2017.8.30,288,1,2017,8,30,5.14,0.01,69
2017.8.31,275,1,2017,8,31,3.8,0,72.5
2017.9.1,233,1,2017,9,1,4.92,0,63
2017.9.2,146,1,2017,9,2,5.59,0.53,61
2017.9.3,133,1,2017,9,3,5.59,0.74,64
2017.9.4,174,1,2017,9,4,4.7,0,70.5
2017.9.5,246,1,2017,9,5,3.13,0,77
2017.9.6,190,1,2017,9,6,3.8,0.42,66.5
2017.9.7,272,1,2017,9,7,4.92,0.01,65
2017.9.8,264,1,2017,9,8,3.8,0,64.5
2017.9.9,227,1,2017,9,9,4.03,0,62.5
2017.9.10,179,1,2017,9,10,5.82,0,64.5
2017.9.11,256,1,2017,9,11,2.01,0,65.5
2017.9.12,311,1,2017,9,12,1.34,0,68.5
2017.9.13,285,1,2017,9,13,2.46,0.06,73.5
2017.9.14,288,1,2017,9,14,2.24,0.02,75.5
2017.9.15,274,1,2017,9,15,1.57,0,74
2017.9.16,208,1,2017,9,16,2.91,0,76
2017.9.17,202,1,2017,9,17,2.68,0,74.5
2017.9.18,254,1,2017,9,18,6.93,0,70.5
2017.9.19,242,1,2017,9,19,9.84,0.22,73.5
2017.9.20,312,1,2017,9,20,6.26,0,75
2017.9.21,273,1,2017,9,21,5.59,0,75.5
2017.9.22,270,1,2017,9,22,7.16,0,74
2017.9.23,225,1,2017,9,23,4.7,0,77.5
2017.9.24,202,1,2017,9,24,1.57,0,80
2017.9.25,272,1,2017,9,25,2.91,0,79
2017.9.26,183,1,2017,9,26,2.01,0,76
2017.9.27,215,1,2017,9,27,3.8,0,78
2017.9.28,273,1,2017,9,28,5.82,0,69
2017.9.29,278,1,2017,9,29,2.46,0,61.5
2017.9.30,212,1,2017,9,30,6.26,0,60
2017.10.1,192,1,2017,10,1,2.91,0,59
2017.10.2,289,1,2017,10,2,2.46,0,62.5
2017.10.3,324,1,2017,10,3,3.13,0,64
2017.10.4,293,1,2017,10,4,4.92,0,65.5
2017.10.5,277,1,2017,10,5,4.92,0,74
2017.10.6,279,1,2017,10,6,2.46,0,75
2017.10.7,243,1,2017,10,7,4.03,0,73.5
2017.10.8,142,1,2017,10,8,4.92,0.22,74.5
2017.10.9,171,1,2017,10,9,4.92,0.26,74
2017.10.10,308,1,2017,10,10,2.91,0,73.5
2017.10.11,269,1,2017,10,11,5.82,0.06,68.5
2017.10.12,267,1,2017,10,12,8.72,0.07,59.5
2017.10.13,279,1,2017,10,13,6.04,0,59.5
2017.10.14,221,1,2017,10,14,2.46,0.08,66.5
2017.10.15,187,1,2017,10,15,4.25,0,69.5
2017.10.16,275,1,2017,10,16,6.71,0.01,57.5
2017.10.17,267,1,2017,10,17,4.03,0,50
2017.10.18,264,1,2017,10,18,3.8,0,61
2017.10.19,299,1,2017,10,19,4.47,0,63.5
2017.10.20,296,1,2017,10,20,4.03,0,65
2017.10.21,256,1,2017,10,21,2.24,0,67
2017.10.22,232,1,2017,10,22,1.57,0,66.5
2017.10.23,249,1,2017,10,23,3.58,0,67.5
2017.10.24,169,1,2017,10,24,5.59,0.2,70.5
2017.10.25,271,1,2017,10,25,2.01,0,62
2017.10.26,225,1,2017,10,26,6.04,0,54
2017.10.27,239,1,2017,10,27,3.8,0,54.5
2017.10.28,222,1,2017,10,28,4.92,0,62
2017.10.29,49,1,2017,10,29,6.71,3.03,63.5
2017.10.30,213,1,2017,10,30,8.72,0.25,53.5
2017.10.31,236,1,2017,10,31,5.82,0,51
2017.11.1,220,1,2017,11,1,2.46,0,51
2017.11.2,264,1,2017,11,2,2.46,0,65
2017.11.3,249,1,2017,11,3,5.59,0,62.5
2017.11.4,194,1,2017,11,4,5.82,0,51
2017.11.5,109,1,2017,11,5,4.25,0.02,56
2017.11.6,218,1,2017,11,6,4.92,0.01,56
2017.11.7,145,1,2017,11,7,6.49,0.7,44.5
2017.11.8,220,1,2017,11,8,5.37,0,44
2017.11.9,211,1,2017,11,9,3.36,0,47
2017.11.10,164,1,2017,11,10,9.4,0.01,38
2017.11.11,114,1,2017,11,11,4.7,0,31
2017.11.12,113,1,2017,11,12,1.79,0,39
2017.11.13,144,1,2017,11,13,3.58,0.07,43
2017.11.14,188,1,2017,11,14,4.92,0,41.5
2017.11.15,206,1,2017,11,15,5.14,0,44
2017.11.16,175,1,2017,11,16,6.49,0.2,50
2017.11.17,182,1,2017,11,17,7.83,0,42
2017.11.18,87,1,2017,11,18,3.36,0.1,45
2017.11.19,107,1,2017,11,19,9.62,0.23,48.5
2017.11.20,164,1,2017,11,20,6.71,0,41.5
2017.11.21,184,1,2017,11,21,5.14,0,50
2017.11.22,137,1,2017,11,22,6.71,0.21,45.5
2017.11.23,60,1,2017,11,23,4.7,0,37
2017.11.24,92,1,2017,11,24,3.8,0,42.5
2017.11.25,103,1,2017,11,25,4.03,0,50
2017.11.26,99,1,2017,11,26,6.71,0,45.5
2017.11.27,198,1,2017,11,27,6.49,0,45
2017.11.28,172,1,2017,11,28,4.47,0,45
2017.11.29,174,1,2017,11,29,5.37,0,52.5
2017.11.30,205,1,2017,11,30,4.47,0.03,45.5
2017.12.1,214,1,2017,12,1,5.37,0,47
2017.12.2,147,1,2017,12,2,3.13,0,43.5
2017.12.3,109,1,2017,12,3,2.01,0,45
2017.12.4,180,1,2017,12,4,3.58,0,45.5
2017.12.5,137,1,2017,12,5,6.71,0.75,55.5
2017.12.6,172,1,2017,12,6,7.61,0,49.5
2017.12.7,184,1,2017,12,7,6.71,0,40.5
2017.12.8,155,1,2017,12,8,4.92,0,36.5
2017.12.9,28,1,2017,12,9,4.25,0.46,32.5
2017.12.10,52,1,2017,12,10,6.49,0,34
2017.12.11,160,1,2017,12,11,5.37,0,37
2017.12.12,142,1,2017,12,12,7.38,0,39.5
2017.12.13,100,1,2017,12,13,10.74,0,25.5
2017.12.14,93,1,2017,12,14,5.82,0.09,27
2017.12.15,68,1,2017,12,15,3.8,0.11,24
2017.12.16,68,1,2017,12,16,6.71,0,31
2017.12.17,49,1,2017,12,17,2.91,0,35
2017.12.18,147,1,2017,12,18,4.92,0.02,40.5
2017.12.19,136,1,2017,12,19,7.61,0,50
2017.12.20,133,1,2017,12,20,7.38,0,42.5
2017.12.21,126,1,2017,12,21,4.03,0,35.5
2017.12.22,125,1,2017,12,22,4.03,0,42.5
2017.12.23,38,1,2017,12,23,4.92,0.49,43
2017.12.24,46,1,2017,12,24,7.83,0.01,38.5
2017.12.25,13,1,2017,12,25,10.96,0.23,33
2017.12.26,47,1,2017,12,26,8.72,0,25.5
2017.12.27,74,1,2017,12,27,6.26,0,20.5
2017.12.28,50,1,2017,12,28,8.05,0,14.5
2017.12.29,50,1,2017,12,29,6.71,0,16.5
2017.12.30,19,1,2017,12,30,5.37,0.05,20
2017.12.31,30,1,2017,12,31,9.17,0,15
2018.1.1,17,1,2018,1,1,7.83,0,13
2018.1.2,67,1,2018,1,2,8.05,0,19.5
2018.1.3,84,1,2018,1,3,3.13,0,23
2018.1.4,4,1,2018,1,4,12.53,0.76,24
2018.1.5,17,1,2018,1,5,12.97,0,14
2018.1.6,11,1,2018,1,6,10.96,0,9.5
2018.1.7,20,1,2018,1,7,6.49,0,11.5
2018.1.8,58,1,2018,1,8,5.82,0.01,24
2018.1.9,72,1,2018,1,9,6.71,0,37
2018.1.10,85,1,2018,1,10,4.25,0,36.5
2018.1.11,107,1,2018,1,11,3.13,0,47
2018.1.12,72,1,2018,1,12,6.93,0.54,52.5
2018.1.13,78,1,2018,1,13,9.62,0.05,38.5
2018.1.14,40,1,2018,1,14,8.05,0,20
2018.1.15,59,1,2018,1,15,8.05,0,23
2018.1.16,106,1,2018,1,16,4.03,0,30.5
2018.1.17,81,1,2018,1,17,6.04,0.19,29
2018.1.18,88,1,2018,1,18,7.83,0,25
2018.1.19,108,1,2018,1,19,5.37,0,32.5
2018.1.20,105,1,2018,1,20,8.5,0,45
2018.1.21,98,1,2018,1,21,2.91,0,46
2018.1.22,144,1,2018,1,22,5.37,0.01,43.5
2018.1.23,99,1,2018,1,23,6.26,0.3,49
2018.1.24,102,1,2018,1,24,9.4,0,35.5
2018.1.25,115,1,2018,1,25,6.71,0,28.5
2018.1.26,111,1,2018,1,26,3.8,0,32
2018.1.27,125,1,2018,1,27,6.49,0,45.5
2018.1.28,59,1,2018,1,28,3.8,0.21,50.5
2018.1.29,131,1,2018,1,29,9.17,0,41
2018.1.30,94,1,2018,1,30,7.61,0.11,30
2018.1.31,83,1,2018,1,31,6.71,0,25.5
2018.2.1,109,1,2018,2,1,3.8,0.05,38.5
2018.2.2,90,1,2018,2,2,9.17,0.18,29
2018.2.3,67,1,2018,2,3,7.61,0,23.5
2018.2.4,44,1,2018,2,4,4.03,0.96,38
2018.2.5,105,1,2018,2,5,7.61,0,33
2018.2.6,126,1,2018,2,6,4.03,0,31.5
2018.2.7,49,1,2018,2,7,6.71,0.85,37.5
2018.2.8,99,1,2018,2,8,6.71,0,29
2018.2.9,115,1,2018,2,9,4.92,0,32.5
2018.2.10,46,1,2018,2,10,2.24,0.58,44.5
2018.2.11,25,1,2018,2,11,3.13,1.21,53.5
2018.2.12,116,1,2018,2,12,7.16,0,47
2018.2.13,115,1,2018,2,13,5.59,0,32
2018.2.14,127,1,2018,2,14,5.37,0.08,44
2018.2.15,127,1,2018,2,15,5.14,0.16,54
2018.2.16,121,1,2018,2,16,6.93,0.09,47
2018.2.17,65,1,2018,2,17,4.47,0.52,34
2018.2.18,64,1,2018,2,18,5.82,0.01,38.5
2018.2.19,69,1,2018,2,19,4.25,0.04,42.5
2018.2.20,144,1,2018,2,20,6.04,0,57
2018.2.21,161,1,2018,2,21,5.82,0.06,66.5
2018.2.22,91,1,2018,2,22,8.28,0.17,48
2018.2.23,93,1,2018,2,23,6.26,0.06,39
2018.2.24,93,1,2018,2,24,5.37,0.08,48.5
2018.2.25,44,1,2018,2,25,6.26,0.73,42
2018.2.26,138,1,2018,2,26,4.47,0,47.5
2018.2.27,148,1,2018,2,27,4.47,0,47.5
2018.2.28,147,1,2018,2,28,5.14,0,51.5
2018.3.1,139,1,2018,3,1,5.14,0.38,52
2018.3.2,14,1,2018,3,2,10.51,1.86,39
2018.3.3,83,1,2018,3,3,11.18,0,42.5
2018.3.4,90,1,2018,3,4,9.62,0,39
2018.3.5,124,1,2018,3,5,7.16,0,38
2018.3.6,130,1,2018,3,6,4.7,0,39.5
2018.3.7,15,1,2018,3,7,10.07,1.41,36
2018.3.8,43,1,2018,3,8,6.04,0,36
2018.3.9,81,1,2018,3,9,7.83,0,36
2018.3.10,79,1,2018,3,10,8.5,0,35.5
2018.3.11,76,1,2018,3,11,5.37,0,38.5
2018.3.12,127,1,2018,3,12,8.5,0.08,37.5
2018.3.13,73,1,2018,3,13,8.5,0.28,36.5
2018.3.14,106,1,2018,3,14,10.96,0.01,36
2018.3.15,116,1,2018,3,15,10.07,0,40
2018.3.16,95,1,2018,3,16,9.84,0,35
2018.3.17,98,1,2018,3,17,7.61,0,37.5
2018.3.18,75,1,2018,3,18,6.26,0,35.5
2018.3.19,143,1,2018,3,19,5.82,0,40
2018.3.20,131,1,2018,3,20,8.95,0,34.5
2018.3.21,13,1,2018,3,21,10.74,0.99,35
2018.3.22,22,1,2018,3,22,6.71,0.06,41
2018.3.23,131,1,2018,3,23,5.59,0,42
2018.3.24,127,1,2018,3,24,6.04,0,43
2018.3.25,91,1,2018,3,25,8.28,0,39
2018.3.26,148,1,2018,3,26,5.82,0,42
2018.3.27,151,1,2018,3,27,3.36,0.01,40.5
2018.3.28,150,1,2018,3,28,4.03,0.03,45
2018.3.29,146,1,2018,3,29,2.91,0.03,51
2018.3.30,111,1,2018,3,30,4.03,0.03,53
2018.3.31,119,1,2018,3,31,6.49,0,48.5
2018.4.1,101,1,2018,4,1,6.71,0,51.5
2018.4.2,67,1,2018,4,2,5.82,0.59,38
2018.4.3,85,1,2018,4,3,4.7,0.26,41
2018.4.4,129,1,2018,4,4,8.5,0.04,48
2018.4.5,146,1,2018,4,5,8.72,0,39.5
2018.4.6,111,1,2018,4,6,4.92,0.11,49.5
2018.4.7,106,1,2018,4,7,7.38,0,43
2018.4.8,100,1,2018,4,8,8.5,0,39
2018.4.9,146,1,2018,4,9,5.37,0,40.5
2018.4.10,154,1,2018,4,10,4.92,0.01,44.5
2018.4.11,188,1,2018,4,11,3.8,0,44
2018.4.12,171,1,2018,4,12,5.59,0,54.5
2018.4.13,210,1,2018,4,13,5.59,0,71
2018.4.14,224,1,2018,4,14,7.38,0,60.5
2018.4.15,77,1,2018,4,15,12.3,0.47,41
2018.4.16,81,1,2018,4,16,11.41,2.82,49.5
2018.4.17,160,1,2018,4,17,8.5,0,43
2018.4.18,174,1,2018,4,18,6.49,0,46
2018.4.19,136,1,2018,4,19,7.61,0.15,43.5
2018.4.20,159,1,2018,4,20,8.5,0,43.5
2018.4.21,180,1,2018,4,21,5.82,0,51
2018.4.22,180,1,2018,4,22,4.25,0,55.5
2018.4.23,207,1,2018,4,23,4.47,0,57
2018.4.24,228,1,2018,4,24,4.25,0.05,56
2018.4.25,117,1,2018,4,25,3.8,0.95,56
2018.4.26,226,1,2018,4,26,4.92,0.1,62.5
2018.4.27,150,1,2018,4,27,2.46,0.05,55
2018.4.28,177,1,2018,4,28,3.36,0.1,59
2018.4.29,162,1,2018,4,29,5.82,0.08,53
2018.4.30,139,1,2018,4,30,5.14,0,47.5
2018.5.1,231,1,2018,5,1,4.25,0,64
2018.5.2,228,1,2018,5,2,5.37,0,77.5
2018.5.3,262,1,2018,5,3,5.37,0.02,81
2018.5.4,252,1,2018,5,4,3.58,0,78
2018.5.5,207,1,2018,5,5,4.92,0,68.5
2018.5.6,166,1,2018,5,6,3.8,0,61
2018.5.7,259,1,2018,5,7,2.01,0,65.5
2018.5.8,276,1,2018,5,8,1.79,0,63.5
2018.5.9,263,1,2018,5,9,2.24,0,65.5
2018.5.10,248,1,2018,5,10,2.68,0.25,60
2018.5.11,273,1,2018,5,11,3.58,0,66.5
2018.5.12,114,1,2018,5,12,3.58,0.22,57
2018.5.13,84,1,2018,5,13,2.46,0.1,53
2018.5.14,264,1,2018,5,14,1.34,0.03,61.5
2018.5.15,224,1,2018,5,15,2.68,0.58,74.5
2018.5.16,159,1,2018,5,16,2.46,0.34,60
2018.5.17,176,1,2018,5,17,1.12,0.22,63.5
2018.5.18,236,1,2018,5,18,5.82,0,61.5
2018.5.19,78,1,2018,5,19,4.03,0.65,52.5
2018.5.20,225,1,2018,5,20,3.8,0,68.5
2018.5.21,268,1,2018,5,21,2.46,0,68.5
2018.5.22,212,1,2018,5,22,0.89,0.29,61.5
2018.5.23,288,1,2018,5,23,2.46,0.29,70
2018.5.24,319,1,2018,5,24,2.91,0,73
2018.5.25,284,1,2018,5,25,5.14,0,75.5
2018.5.26,176,1,2018,5,26,2.01,0,80.5
2018.5.27,75,1,2018,5,27,8.28,0.44,68
2018.5.28,152,1,2018,5,28,1.79,0,62.5
2018.5.29,262,1,2018,5,29,1.12,0,76
2018.5.30,276,1,2018,5,30,2.24,0,69.5
2018.5.31,240,1,2018,5,31,2.01,0.1,65.5
2018.6.1,232,1,2018,6,1,0.89,0.27,73
2018.6.2,221,1,2018,6,2,3.8,0.08,76.5
2018.6.3,204,1,2018,6,3,5.82,0.25,58.5
2018.6.4,255,1,2018,6,4,3.8,0.16,61
2018.6.5,322,1,2018,6,5,3.8,0,66.5
2018.6.6,342,1,2018,6,6,2.68,0,64.5
2018.6.7,326,1,2018,6,7,2.46,0,65.5
2018.6.8,317,1,2018,6,8,2.91,0,71
2018.6.9,243,1,2018,6,9,1.79,0,75
2018.6.10,156,1,2018,6,10,1.12,0.01,65.5
2018.6.11,319,1,2018,6,11,3.13,0,65.5
2018.6.12,341,1,2018,6,12,3.36,0,66
2018.6.13,329,1,2018,6,13,3.58,0.04,70.5
2018.6.14,350,1,2018,6,14,6.93,0,75.5
2018.6.15,327,1,2018,6,15,3.13,0,69.5
2018.6.16,244,1,2018,6,16,2.24,0,74.5
2018.6.17,190,1,2018,6,17,1.79,0,78.5
2018.6.18,306,1,2018,6,18,5.59,0.08,82
2018.6.19,320,1,2018,6,19,3.8,0.07,81.5
2018.6.20,313,1,2018,6,20,1.57,0.09,76
2018.6.21,312,1,2018,6,21,2.01,0.59,74
2018.6.22,314,1,2018,6,22,4.7,0.1,68.5
2018.6.23,213,1,2018,6,23,4.92,0,64
2018.6.24,214,1,2018,6,24,2.24,0,75
2018.6.25,357,1,2018,6,25,4.92,0,74
2018.6.26,376,1,2018,6,26,3.8,0,69.5
2018.6.27,324,1,2018,6,27,3.58,0.01,69.5
2018.6.28,231,1,2018,6,28,2.91,1.36,76.5
2018.6.29,326,1,2018,6,29,2.68,0,79.5
2018.6.30,250,1,2018,6,30,2.24,0,82.5
2018.7.1,202,1,2018,7,1,2.91,0,87.5
2018.7.2,323,1,2018,7,2,2.01,0,87
2018.7.3,285,1,2018,7,3,1.12,0.01,84.5
2018.7.4,247,1,2018,7,4,1.12,0,81.5
2018.7.5,282,1,2018,7,5,2.91,0,83
2018.7.6,238,1,2018,7,6,4.03,0.23,74.5
2018.7.7,225,1,2018,7,7,5.37,0,70
2018.7.8,255,1,2018,7,8,2.01,0,73
2018.7.9,353,1,2018,7,9,2.68,0,77
2018.7.10,365,1,2018,7,10,3.8,0,82.5
2018.7.11,360,1,2018,7,11,2.68,0,81
2018.7.12,333,1,2018,7,12,1.34,0.71,74
2018.7.13,353,1,2018,7,13,2.01,0,76
2018.7.14,280,1,2018,7,14,3.58,0.36,79
2018.7.15,259,1,2018,7,15,3.36,0.64,76
2018.7.16,315,1,2018,7,16,2.24,0,82.5
2018.7.17,247,1,2018,7,17,2.68,2.24,79
2018.7.18,327,1,2018,7,18,3.36,0,75.5
2018.7.19,328,1,2018,7,19,2.24,0,74.5
2018.7.20,327,1,2018,7,20,2.01,0,75.5
2018.7.21,234,1,2018,7,21,5.82,0.63,72
2018.7.22,182,1,2018,7,22,3.36,1.06,74.5
2018.7.23,256,1,2018,7,23,4.47,0.17,76.5
2018.7.24,321,1,2018,7,24,5.14,0.02,78.5
2018.7.25,203,1,2018,7,25,3.8,0.73,74.5
2018.7.26,319,1,2018,7,26,3.36,0.03,78.5
2018.7.27,242,1,2018,7,27,2.46,0.25,77
2018.7.28,245,1,2018,7,28,1.12,0,77.5
2018.7.29,282,1,2018,7,29,2.01,0,76
2018.7.30,339,1,2018,7,30,1.34,0.37,73
2018.7.31,366,1,2018,7,31,1.57,0,75
2018.8.1,334,1,2018,8,1,2.46,0.1,79
2018.8.2,348,1,2018,8,2,2.68,0.51,81
2018.8.3,317,1,2018,8,3,2.24,0.24,79
2018.8.4,233,1,2018,8,4,2.68,0.74,78
2018.8.5,257,1,2018,8,5,1.12,0,82
2018.8.6,360,1,2018,8,6,2.01,0,84.5
2018.8.7,360,1,2018,8,7,3.8,0.05,82
2018.8.8,362,1,2018,8,8,1.57,0,83
2018.8.9,363,1,2018,8,9,2.91,0.61,79.5
2018.8.10,356,1,2018,8,10,1.34,0,79
2018.8.11,182,1,2018,8,11,2.01,2.9,75
2018.8.12,267,1,2018,8,12,2.91,0,78
2018.8.13,265,1,2018,8,13,3.36,0.66,73
2018.8.14,319,1,2018,8,14,2.91,0.79,76.5
2018.8.15,339,1,2018,8,15,4.25,0,78
2018.8.16,367,1,2018,8,16,2.91,0,82
2018.8.17,304,1,2018,8,17,2.91,1.04,79.5
2018.8.18,214,1,2018,8,18,3.8,0.07,78
2018.8.19,173,1,2018,8,19,4.7,0.02,69.5
2018.8.20,347,1,2018,8,20,2.68,0,70.5
2018.8.21,353,1,2018,8,21,3.58,0.11,72.5
2018.8.22,338,1,2018,8,22,4.03,0.72,76.5
2018.8.23,371,1,2018,8,23,3.8,0,71
2018.8.24,292,1,2018,8,24,1.12,0,73.5
2018.8.25,228,1,2018,8,25,1.79,0,74
2018.8.26,214,1,2018,8,26,3.36,0,76
2018.8.27,309,1,2018,8,27,2.46,0,81
2018.8.28,336,1,2018,8,28,3.8,0,86.5
2018.8.29,307,1,2018,8,29,4.92,0,86.5
2018.8.30,323,1,2018,8,30,4.47,0,84
2018.8.31,225,1,2018,8,31,3.8,0.03,73.5
2018.9.1,195,1,2018,9,1,2.46,0,73.5
2018.9.2,144,1,2018,9,2,2.01,0,74.5
2018.9.3,192,1,2018,9,3,2.68,0,82.5
2018.9.4,260,1,2018,9,4,2.01,0,84.5
2018.9.5,311,1,2018,9,5,1.34,0,83
2018.9.6,286,1,2018,9,6,2.91,0.36,83
2018.9.7,329,1,2018,9,7,6.26,0,72
2018.9.8,251,1,2018,9,8,6.26,0.02,66
2018.9.9,80,1,2018,9,9,6.04,0.45,58.5
2018.9.10,128,1,2018,9,10,6.93,0.93,59
2018.9.11,281,1,2018,9,11,1.34,0.02,68
2018.9.12,251,1,2018,9,12,0.22,0.15,74
2018.9.13,281,1,2018,9,13,0,0.13,72.5
2018.9.14,324,1,2018,9,14,0,0,71.5
2018.9.15,248,1,2018,9,15,0,0,73.5
2018.9.16,276,1,2018,9,16,0,0,75.5
2018.9.17,322,1,2018,9,17,0,0.01,73.5
2018.9.18,263,1,2018,9,18,2.01,1.19,74.5
2018.9.19,348,1,2018,9,19,3.58,0,74.5
2018.9.20,365,1,2018,9,20,2.46,0,68.5
2018.9.21,349,1,2018,9,21,2.01,0,69.5
2018.9.22,253,1,2018,9,22,5.14,0,68
2018.9.23,226,1,2018,9,23,3.13,0,63
2018.9.24,329,1,2018,9,24,7.16,0,63
2018.9.25,97,1,2018,9,25,3.36,1.95,66
2018.9.26,293,1,2018,9,26,1.79,0.21,75.5
2018.9.27,331,1,2018,9,27,4.25,0,66.5
2018.9.28,226,1,2018,9,28,3.8,0.77,60.5
2018.9.29,267,1,2018,9,29,2.46,0,65
2018.9.30,287,1,2018,9,30,2.46,0,62
2018.10.1,302,1,2018,10,1,2.01,0,69.5
2018.10.2,382,1,2018,10,2,2.01,0.69,71
2018.10.3,355,1,2018,10,3,2.46,0,68.5
2018.10.4,312,1,2018,10,4,0.89,0.04,68.5
2018.10.5,339,1,2018,10,5,3.58,0,65.5
2018.10.6,217,1,2018,10,6,1.12,0,65.5
2018.10.7,240,1,2018,10,7,2.46,0,73
2018.10.8,251,1,2018,10,8,4.03,0,69
2018.10.9,382,1,2018,10,9,0.67,0,71.5
2018.10.10,340,1,2018,10,10,2.68,0,75.5
2018.10.11,241,1,2018,10,11,1.34,0.84,73
2018.10.12,260,1,2018,10,12,5.82,0.43,59.5
2018.10.13,200,1,2018,10,13,0,0.1,50.5
2018.10.14,208,1,2018,10,14,0,0,52.5
2018.10.15,301,1,2018,10,15,0,0.05,60
2018.10.16,351,1,2018,10,16,0,0.01,53.5
2018.10.17,303,1,2018,10,17,0,0,53.5
2018.10.18,256,1,2018,10,18,0,0,46
2018.10.19,273,1,2018,10,19,0,0,51.5
2018.10.20,213,1,2018,10,20,0,0.06,56.5
2018.10.21,183,1,2018,10,21,0,0,45
2018.10.22,242,1,2018,10,22,0,0,44.5
2018.10.23,304,1,2018,10,23,0,0,56
2018.10.24,281,1,2018,10,24,0,0,49
2018.10.25,265,1,2018,10,25,0,0,45.5
2018.10.26,256,1,2018,10,26,0,0,44
2018.10.27,35,1,2018,10,27,0,1.27,47.5
2018.10.28,147,1,2018,10,28,0,0.07,48.5
2018.10.29,235,1,2018,10,29,0,0.03,51.5
2018.10.30,249,1,2018,10,30,0,0,48.5
2018.10.31,279,1,2018,10,31,0,0,54