Bike,AWND,PRCP,TAVG,I
40,7.61,0,66,0
84,6.93,0,66.5,0
101,2.91,0,69.5,0
95,4.25,0,71,0
97,6.26,0,69.5,0
387,6.04,0,66.5,0
331,4.92,0,63.5,0
112,3.36,0,71.5,0
79,2.68,0.11,77.5,0
50,8.28,1.26,69,0
65,8.72,0.09,60,0
22,12.53,1.08,52.5,0
31,11.41,0.35,52,0
145,10.74,0,58,0
73,6.26,0,59.5,0
87,1.57,0,62.5,0
78,2.91,0,65.5,0
88,3.36,0,65.5,0
49,4.03,0.89,69.5,0
239,2.46,0,57.5,0
211,3.8,0,61,0
135,3.8,0,66.5,0
66,3.58,0.01,66.5,0
60,3.8,0,63,0
72,4.03,0,57.5,0
61,5.37,0,58.5,0
88,5.82,0,49,0
43,4.92,0,44,0
27,3.8,0,44,0
37,6.04,0,59,0
74,2.24,0,66.5,0
76,4.7,0,66.5,0
54,6.71,0,55,0
61,4.03,0,48.5,0
89,4.92,0.05,58,0
44,3.8,0,52,0
32,4.47,0,52,0
12,6.71,1.4,61,0
31,6.49,0.04,65,0
60,5.82,0,54.5,0
87,2.91,0,49,0
87,4.92,0,59.5,0
40,2.01,0,58.5,0
47,2.46,0,60,0
49,2.46,0,63,0
45,2.01,0.01,63.5,0
51,4.7,0,70,0
115,4.47,0,62.5,0
116,3.58,0,51,0
42,2.01,0,51,0
18,9.84,0.26,54,0
20,4.92,0.43,53.5,0
21,5.59,0.01,56,0
27,10.74,0,52,0
26,7.83,0,45.5,0
56,4.7,0,48.5,0
55,4.03,0,59,0
34,6.26,0,46,0
22,5.14,0,52,0
15,5.59,1.25,60.5,0
30,5.82,0,55,0
60,6.49,0,47.5,0
27,6.26,0.03,48.5,0
12,5.82,0,38.5,0
12,3.8,0,39,0
19,2.68,0,43,0
52,2.91,0,50.5,0
76,3.8,0,57.5,0
23,0,0.02,54.5,0
20,0,0,43.5,0
18,5.59,0,40,0
1,6.71,0.33,47.5,0
11,2.91,0.14,51.5,0
8,8.5,0,49.5,0
34,4.25,0,46.5,0
52,2.24,0,45.5,0
43,3.36,0,46,0
6,3.8,0,48,0
17,4.47,0,45,0
6,4.25,0,47.5,0
11,4.25,0,55.5,0
15,4.7,0,55.5,0
93,2.01,0,60.5,0
90,3.36,0,61,0
14,4.7,0.33,60,0
9,10.51,0.09,60.5,0
14,5.37,0.04,49.5,0
6,4.92,1.21,54.5,0
11,6.71,0,47.5,0
11,9.4,0,37.5,0
10,6.04,0,38.5,0
21,7.16,0,47.5,0
6,4.92,0.19,57.5,0
3,3.58,1.55,58,0
21,4.47,0.01,67.5,0
74,0.89,0.01,61.5,0
20,8.05,0,53,0
43,5.82,0.12,53.5,0
24,8.28,0.03,40,0
5,6.93,0.45,40,0
14,4.03,0.19,43,0
27,5.37,0.03,45,0
14,7.61,0,38,0
32,6.71,0,36,0
67,7.83,0,40,0
12,8.5,0,25,0
7,5.14,0,20,0
9,3.58,0,33,0
6,2.46,0,38.5,0
4,4.25,0,38.5,0
26,8.05,0,43.5,0
12,9.84,1.8,49.5,0
7,10.51,0,33,0
1,6.04,0,34.5,0
3,9.84,0,26,0
1,4.92,0,30,0
27,5.14,0,42.5,0
30,6.71,0.24,47,0
5,5.59,0.05,36,0
8,11.86,0,24.5,0
1,10.96,0,22,0
1,5.59,0,32,0
6,6.04,0,31,0
1,6.49,0.01,25.5,0
8,6.93,0,33.5,0
14,5.14,0,46,0
9,5.82,0.01,51.5,0
8,3.58,0,44,0
6,6.49,0.73,50.5,0
8,5.82,0,51.5,0
1,8.28,0.53,37.5,0
10,5.59,0,35,0
18,5.37,0,40,0
7,10.51,0.05,33.5,0
3,4.03,0,31.5,0
4,5.82,0.01,35,0
4,10.07,0,24.5,0
11,6.71,0,21,0
2,12.3,0,14,0
2,6.26,0,7,0
3,5.37,0.44,24,0
7,7.38,0,37,0
6,7.16,0,31.5,0
1,5.37,0,31.5,0
27,7.38,0,50,0
41,4.92,0.03,49.5,0
27,5.14,0,45,0
6,8.95,0.02,49,0
3,8.72,0,33,0
14,6.04,0,33.5,0
89,7.38,0,49,0
13,8.5,0.05,54,0
11,7.61,0,45.5,0
4,10.51,0.14,42,0
3,5.82,0,31,0
5,8.72,0.11,34.5,0
13,4.25,0,34.5,0
27,3.36,0,38,0
20,7.83,0,48,0
28,3.36,0,57,0
61,2.24,0,60.5,0
52,4.92,0,71,0
39,6.04,0.06,58,0
74,5.14,0,49.5,0
86,3.58,0,56,0
5,14.09,0.29,45.5,0
16,5.37,0,50.5,0
9,3.58,0.02,56.5,0
24,4.92,0,54,0
29,8.72,0,49.5,0
45,5.14,0,41,0
36,9.62,0.07,37.5,0
10,8.05,0.06,41,0
15,6.93,0,45.5,0
33,6.04,0,59.5,0
25,9.17,0,49.5,0
46,3.8,0.04,58,0
63,6.49,0,46.5,0
64,5.59,0,49,0
10,10.07,0.38,52,0
14,11.63,0,46.5,0
17,5.37,0,46.5,0
18,6.71,0,61,0
29,6.71,0.02,70,0
37,4.92,0.16,55,0
16,12.75,0.09,42,0
3,7.16,0.47,37,0
9,8.28,0,34.5,0
7,6.04,0,39,0
9,6.93,0.09,53,0
5,7.16,0.01,45,0
8,6.49,0.11,39.5,0
27,4.92,0,40.5,0
19,6.93,0.01,54,0
4,5.82,0.2,52,0
10,4.47,0,49,0
9,6.49,0,52.5,0
21,3.8,0,53.5,0
124,4.92,0,55.5,0
274,2.91,0,59.5,0
61,3.8,0,66.5,0
42,7.61,0,64,0
47,6.04,0,59,0
55,5.59,0,61,0
164,4.25,0,70.5,0
158,7.16,0.16,62.5,0
198,5.82,0,57.5,0
78,4.03,0,59.5,0
64,7.16,0.24,53.5,0
87,4.25,0,54,0
25,4.7,0,53.5,0
26,5.82,0.05,51.5,0
164,5.82,0,55.5,0
10,4.92,0.16,48,0
19,2.24,0.04,52.5,0
12,6.04,0.61,53.5,0
11,8.72,0.01,50,0
7,8.28,0,51.5,0
7,7.83,0.54,51,0
59,4.47,0,54,0
63,4.7,0.16,57.5,0
73,5.14,0,62,0
23,4.92,0,56.5,0
35,2.46,0,63,0
44,3.36,0,68,0
25,0,0.25,61,0
148,0,0,64.5,0
83,0,0,52.5,0
28,0,0,54.5,0
32,3.8,0,58,0
34,0,0,60,0
46,1.34,0,63.5,0
54,4.47,0,64.5,0
44,3.8,0.04,60,0
174,3.58,0.09,61,0
50,2.46,0.02,67,0
27,2.01,0.18,65.5,0
74,4.25,0,74.5,0
42,3.58,0,79.5,0
43,3.8,0,80,0
76,4.47,0,81.5,0
233,4.92,0,78.5,0
128,3.13,1.65,75,0
30,3.13,0,78,0
35,6.04,0,74.5,0
39,4.7,0,70,0
33,1.34,0.04,66.5,0
124,2.46,0.4,74.5,0
47,3.36,0.91,68,0
42,5.59,0,74,0
41,5.14,0,74.5,0
12,7.61,0.45,59.5,0
25,8.95,0,62.5,0
61,5.37,0,67,0
106,3.36,0,73.5,0
180,8.05,0,72.5,0
48,7.38,0,65.5,0
54,4.25,0,68.5,0
54,2.46,0,73.5,0
25,1.79,0.22,69.5,0
83,4.7,0,70.5,0
225,2.68,0,74,0
261,2.91,0,77,0
34,3.13,0,74,0
22,4.92,0,79.5,0
33,4.03,0,77,0
28,2.01,0,76,0
38,6.26,0,75.5,0
114,3.58,0,75,0
125,2.46,0,77,0
43,4.92,0.45,75,0
32,3.58,0.12,72,0
58,2.24,0.01,75,0
42,2.91,0,76,0
27,3.36,0.83,72.5,0
86,5.37,0,69.5,0
176,3.13,0,71,0
241,3.13,0.49,75,0
39,2.91,0.66,77.5,0
61,2.46,0,83,0
46,2.01,0.04,83,0
27,5.37,0.08,76.5,0
81,4.03,0.53,68.5,0
111,4.25,0,73,0
32,3.36,0,73,0
37,4.25,0,75,0
35,4.7,0,78,0
20,2.91,0.62,80.5,0
64,4.47,0,83.5,0
48,4.25,0,82.5,0
128,2.68,0,82,0
30,5.82,0.35,82.5,0
31,4.92,0,78,0
31,3.13,0,76.5,0
61,5.14,0,80.5,0
40,6.49,0,84,0
71,4.92,0,88,0
115,4.03,0,84.5,0
24,3.36,1,83,0
54,4.25,0,80.5,0
27,2.01,0,82.5,0
18,3.13,0,85,0
60,4.25,1.09,77,0
60,3.58,0.25,78.5,0
77,4.25,1.08,74.5,0
66,4.92,0,74.5,0
79,6.93,0,73.5,0
34,2.91,0,73,0
61,2.01,0,74,0
61,3.8,0,76,0
138,5.14,0.05,79.5,0
220,4.03,0,78,0
49,1.34,0,78.5,0
25,2.68,0,79,0
35,4.03,0.09,80.5,0
54,4.47,0.15,82.5,0
52,5.14,0.32,83,0
77,4.03,0,88.5,0
88,3.8,0.06,86,0
75,2.91,0,84.5,0
32,4.03,0.11,82.5,0
89,5.37,0.01,81,0
82,1.57,0.03,78.5,0
64,2.24,0.01,81,0
146,4.7,0.82,76.5,0
88,4.25,0.31,79.5,0
61,5.82,0,72,0
31,1.79,0,71.5,0
91,0,0,78,0
69,0,0.01,77.5,0
86,0,0,82.5,0
283,2.68,0,81,0
364,2.46,0,80.5,0
38,5.37,0,82.5,0
77,3.13,0,77.5,0
48,3.36,0,81.5,0
30,1.79,0.5,74,0
65,6.04,0,73.5,0
194,6.71,0,70.5,0
256,6.71,0,72.5,0
238,7.61,0,74.5,0
32,9.62,0,75.5,0
48,6.49,0,78,0
49,2.68,0,80,0
48,3.8,0.22,83,0
91,4.03,0,82,0
134,5.82,0,75,0
27,4.25,0,70,0
18,4.03,0,73.5,0
15,4.92,0.56,79,0
21,4.92,0,67.5,0
23,2.68,0,67,0
124,3.36,0,68,0
135,3.58,0,76,0
6,2.46,0.68,72.5,0
17,2.24,0,75,0
15,3.8,0,76,0
11,2.46,0,75.5,0
41,1.79,0.01,75.5,0
116,5.14,0.2,64.5,0
176,2.91,0,62,0
21,4.47,0,64,0
39,3.13,0.22,69,0
38,8.05,0,62.5,0
21,11.18,0,60.5,0
8,9.62,0.4,57.5,0
45,7.61,0,59,0
45,2.68,0,60,0
29,2.24,0,66,0
46,7.61,0,64.5,0
31,4.7,0,60,0
18,2.01,0,64,0
54,2.46,0,66,0
45,2.01,0.23,63,0
19,7.38,0.55,58,0
64,4.7,0,55.5,0
29,3.58,0,54.5,0
21,1.12,0,59.5,0
25,2.91,0,60,0
11,4.7,0,54.5,0
85,3.13,0,55,0
73,4.03,0,61,0
62,2.68,0,72,0
22,4.03,0,74,0
27,4.47,0,75,0
28,6.26,0,66,0
18,2.24,1.11,63,0
11,10.51,0.29,52,0
56,8.5,0,53,0
31,6.04,0,54.5,0
9,6.49,0,47.5,0
17,4.03,0,44.5,0
2,5.14,1.41,47.5,0
16,8.28,0,46.5,0
64,4.25,0,51.5,0
101,3.8,0.56,65,0
22,4.92,0,49,0
17,3.13,0,49,0
11,3.13,0,62,0
21,5.14,0,64.5,0
32,4.7,0,54,0
69,3.13,0,53,0
86,7.61,0,52,0
9,5.37,0,47,0
16,2.46,0,53.5,0
13,3.58,0.06,54,0
6,5.82,0,48,0
8,8.28,0,52,0
25,5.37,0,43.5,0
38,5.37,0,51,0
11,3.58,0,54,0
10,5.59,1.81,51.5,0
15,4.03,0,53,0
21,4.25,0,55,0
17,2.46,0,54,0
65,4.92,0.25,50,0
8,10.29,0.31,38,0
1,13.2,0,38.5,0
15,4.92,0,40,0
1,4.47,0.03,43,0
13,2.01,0.02,49.5,0
49,4.47,0,45,0
40,4.7,0,44.5,0
12,3.36,0,45,0
5,4.92,2.2,55.5,0
6,6.26,0.73,54,0
11,7.61,0.07,48,0
8,8.72,0,45.5,0
23,8.72,0,44,0
19,4.92,0,43,0
5,5.59,0.19,43.5,0
6,5.37,0.35,41.5,0
10,3.8,0.09,43,0
1,0,0,40,0
8,6.04,0,31.5,0
1,4.03,0.03,31.5,0
8,4.03,0,39,0
6,5.59,0,38,0
3,10.96,0,26.5,0
6,6.04,0,22,0
2,4.25,0.73,31.5,0
4,7.38,0.04,44.5,0
1,6.71,0,27,0
5,3.13,0,26.5,0
1,2.91,0,35,0
11,6.26,0,43,0
15,6.49,0,42.5,0
8,4.92,0.47,42.5,0
34,6.26,0,43,0
12,6.49,0.02,41.5,0
13,7.16,0,50,0
10,5.14,0,37,0
3,5.37,0.39,39.5,0
3,9.4,0.01,36.5,0
8,6.93,0,37.5,0
2,5.59,0,44,0
5,10.74,0.58,41,0
8,8.05,0,43,0
4,7.83,0,30.5,0
11,4.7,0.05,29,0
2,4.7,0,33.5,0
3,5.82,0.52,47,0
3,7.61,0.05,56.5,0
3,7.16,0,47,0
4,4.25,0.12,31,0
1,4.25,0,34,0
8,4.7,0,36.5,0
4,5.82,0.06,39.5,0
5,3.58,0,44,0
5,4.03,0.1,42.5,0
3,3.8,0,45,0
1,6.71,0.05,45.5,0
10,6.71,0,43.5,0
3,6.71,0.02,49.5,0
1,8.95,0,39.5,0
2,7.83,0,36.5,0
7,5.82,0,39,0
3,6.26,0,33.5,0
1,4.03,0.06,30,0
5,5.82,0,40,0
3,5.37,0,38.5,0
5,6.71,0,29.5,0
1,8.5,0,28,0
6,7.16,0,37,0
11,5.14,0,42.5,0
1,6.71,0.27,39,0
14,4.7,0.03,50,0
1,12.3,0.02,35,0
2,5.37,0,34.5,0
8,6.49,0,41,0
6,8.5,0,33.5,0
79,5.82,0,49,0
150,5.59,0,59,0
56,7.38,0,47,0
1,5.82,0,40.5,0
11,2.91,0,49.5,0
11,3.58,0,54.5,0
26,6.04,0,64,0
65,6.71,0.54,53.5,0
31,8.95,0,40,0
19,5.59,0,44.5,0
10,4.03,0,53,0
4,6.04,0.12,62,0
1,11.41,0,49.5,0
10,8.28,0,31.5,0
3,8.95,0,23.5,0
6,5.37,0,25.5,0
12,3.36,0,35.5,0
12,4.25,0.1,49,0
16,7.61,0.02,53,0
23,8.72,0,54,0
1,9.62,0,23,0
1,8.95,0,24,0
4,4.47,0,28,0
7,5.14,0,42.5,0
13,4.03,0,50.5,0
10,4.92,0,32.5,0
9,6.26,0,46.5,0
70,6.71,0.01,52,0
11,8.28,0.14,39.5,0
2,4.25,0.26,45,0
3,5.82,0.72,43.5,0
7,7.83,0,51,0
1,5.82,0.01,45,0
7,7.61,0,42.5,0
97,5.37,0,51.5,0
21,4.92,0.03,55.5,0
10,6.93,1.18,48,0
16,3.36,0,55,0
8,9.17,0.73,46.5,0
7,10.51,0,45.5,0
38,8.28,0,48.5,0
184,4.92,0,56,0
36,6.04,0,63.5,0
66,5.59,0,70.5,0
19,2.91,0.02,67,0
11,5.14,0,56.5,0
58,3.8,0,57,0
104,5.59,0,58,0
330,7.38,0,73,0
64,6.71,0,66,0
32,6.93,0,56,0
18,5.59,0,49.5,0
16,4.03,0.17,58,0
13,7.38,0.29,50.5,0
158,3.58,0.11,53,0
94,4.92,0,56,0
32,3.58,0,54,0
1,13.2,0.91,51.5,0
5,4.92,0.34,56.5,0
17,2.91,0,63.5,0
62,3.13,0,71.5,0
192,5.14,0.06,74.5,0
113,6.71,0,59.5,0
43,5.14,0,61.5,0
39,7.83,0,68.5,0
51,8.28,0,58,0
45,5.37,0,55.5,0
16,6.49,3.02,55,0
90,6.04,0.18,59.5,0
63,5.59,0.01,51.5,0
16,5.82,0,50.5,0
27,4.47,0,55,0
33,3.36,0,56,0
34,3.58,0,56.5,0
29,4.03,0,56.5,0
5,7.61,1.61,49,0
91,5.37,0.02,56.5,0
33,8.95,0,60.5,0
60,4.25,0,67.5,0
49,5.59,0,77.5,0
46,5.59,0,83.5,0
74,6.26,0,78.5,0
102,4.03,0.01,60,0
149,4.03,0,60.5,0
7,2.68,0.59,57,0
60,2.24,0,62.5,0
19,4.92,0.04,62.5,0
2,8.05,0.58,57.5,0
46,4.92,0.1,64.5,0
138,3.13,0,65,0
163,4.47,0,64.5,0
63,5.14,0.13,58.5,0
20,2.68,0.06,57.5,0
28,2.46,0.03,66.5,0
41,3.8,0,69,0
53,4.47,0.01,66.5,0
119,3.58,0.01,64,0
96,2.24,0.09,63,0
22,4.92,0.02,62.5,0
26,7.16,0.06,55,0
43,3.36,0,59,0
36,3.8,0,62,0
68,4.7,0,66.5,0
179,3.58,0,75.5,0
177,5.14,0,81,0
56,3.8,0,84.5,0
25,3.13,0,85.5,0
45,4.7,0.29,76.5,0
26,4.25,0,70,0
35,5.14,0,65.5,0
76,2.24,1.39,70,0
100,3.58,0,77.5,0
30,3.8,1.35,79,0
27,5.14,0.03,77,0
38,4.7,0,77,0
44,2.24,0,75.5,0
23,4.92,0.04,79.5,0
182,5.37,1.29,77.5,0
162,2.46,0,75.5,0
44,3.13,0,71.5,0
57,3.58,0.18,68.5,0
45,4.92,0,69.5,0
52,5.37,0,75,0
51,5.82,0,80.5,0
99,4.03,0.23,78,0
179,4.92,0,79.5,0
79,1.79,0.45,79.5,0
239,2.68,0,77.5,0
51,4.92,0,77.5,0
32,3.58,0,74,0
34,5.37,1.78,74,0
151,3.36,0,76.5,0
235,3.58,0,74,0
30,3.36,0,76,0
17,3.13,0,80,0
59,5.14,0,82.5,0
31,4.92,0,81.5,0
15,4.7,0.35,69,0
113,3.36,0,76,0
205,2.68,0,77.5,0
50,2.68,0,79,0
32,2.91,0,80.5,0
41,3.13,0,84.5,0
28,2.91,0.01,85.5,0
59,3.8,0,84,0
118,2.46,0.57,81.5,0
118,2.68,0.06,75,0
18,6.71,0.74,68,0
28,5.14,0,66.5,0
55,3.8,0,71,0
33,2.46,0,71.5,0
45,2.91,0,78,0
140,9.4,0,72,0
253,4.25,0,73,0
41,2.01,0,77,0
45,2.68,0,81.5,0
98,1.57,0.09,77.5,0
44,1.79,0,77.5,0
58,4.25,0.15,76.5,0
180,4.47,0.3,73.5,0
236,3.8,0,70,0
15,2.46,0.76,67.5,0
23,2.91,0,71.5,0
58,1.34,0,74.5,0
56,2.24,0,75.5,0
52,2.68,0,75.5,0
162,3.36,0.11,70.5,0
212,3.8,0,77,0
43,2.24,0,75,0
18,1.12,0.45,71,0
67,2.24,0,78.5,0
65,3.13,0,76,0
8,3.36,0.88,77.5,0
163,2.91,0,79.5,0
249,4.47,0,75,0
58,3.36,0,79,0
37,5.14,0.3,80.5,0
36,4.03,0,75.5,0
60,3.13,0,72.5,0
60,2.46,0,70.5,0
97,3.8,0,70,0
149,4.47,0,70.5,0
30,6.26,0,69.5,0
11,8.05,0.29,64.5,0
31,5.14,0.01,69,0
49,3.8,0,72.5,0
40,4.92,0,63,0
75,5.59,0.53,61,0
70,5.59,0.74,64,0
222,4.7,0,70.5,0
37,3.13,0,77,0
13,3.8,0.42,66.5,0
52,4.92,0.01,65,0
62,3.8,0,64.5,0
110,4.03,0,62.5,0
186,5.82,0,64.5,0
54,2.01,0,65.5,0
40,1.34,0,68.5,0
20,2.46,0.06,73.5,0
31,2.24,0.02,75.5,0
59,1.57,0,74,0
145,2.91,0,76,0
163,2.68,0,74.5,0
31,6.93,0,70.5,0
13,9.84,0.22,73.5,0
37,6.26,0,75,0
35,5.59,0,75.5,0
51,7.16,0,74,0
165,4.7,0,77.5,0
132,1.57,0,80,0
43,2.91,0,79,0
34,2.01,0,76,0
54,3.8,0,78,0
38,5.82,0,69,0
38,2.46,0,61.5,0
83,6.26,0,60,0
105,2.91,0,59,0
28,2.46,0,62.5,0
52,3.13,0,64,0
57,4.92,0,65.5,0
51,4.92,0,74,0
54,2.46,0,75,0
169,4.03,0,73.5,0
86,4.92,0.22,74.5,0
38,4.92,0.26,74,0
51,2.91,0,73.5,0
33,5.82,0.06,68.5,0
34,8.72,0.07,59.5,0
66,6.04,0,59.5,0
85,2.46,0.08,66.5,0
118,4.25,0,69.5,0
28,6.71,0.01,57.5,0
31,4.03,0,50,0
34,3.8,0,61,0
54,4.47,0,63.5,0
51,4.03,0,65,0
148,2.24,0,67,0
123,1.57,0,66.5,0
34,3.58,0,67.5,0
9,5.59,0.2,70.5,0
30,2.01,0,62,0
26,6.04,0,54,0
41,3.8,0,54.5,0
142,4.92,0,62,0
22,6.71,3.03,63.5,0
17,8.72,0.25,53.5,0
20,5.82,0,51,0
20,2.46,0,51,0
31,2.46,0,65,0
31,5.59,0,62.5,0
67,5.82,0,51,0
27,4.25,0.02,56,0
10,4.92,0.01,56,0
6,6.49,0.7,44.5,0
12,5.37,0,44,0
10,3.36,0,47,0
6,9.4,0.01,38,0
19,4.7,0,31,0
31,1.79,0,39,0
2,3.58,0.07,43,0
5,4.92,0,41.5,0
16,5.14,0,44,0
11,6.49,0.2,50,0
10,7.83,0,42,0
24,3.36,0.1,45,0
24,9.62,0.23,48.5,0
13,6.71,0,41.5,0
8,5.14,0,50,0
10,6.71,0.21,45.5,0
17,4.7,0,37,0
40,3.8,0,42.5,0
32,4.03,0,50,0
21,6.71,0,45.5,0
9,6.49,0,45,0
14,4.47,0,45,0
14,5.37,0,52.5,0
19,4.47,0.03,45.5,0
17,5.37,0,47,0
39,3.13,0,43.5,0
11,2.01,0,45,0
15,3.58,0,45.5,0
6,6.71,0.75,55.5,0
8,7.61,0,49.5,0
16,6.71,0,40.5,0
3,4.92,0,36.5,0
1,4.25,0.46,32.5,0
13,5.37,0,37,0
1,10.74,0,25.5,0
3,6.71,0,31,0
7,2.91,0,35,0
6,4.92,0.02,40.5,0
4,7.61,0,50,0
8,7.38,0,42.5,0
7,4.03,0,35.5,0
16,4.03,0,42.5,0
9,4.92,0.49,43,0
13,7.83,0.01,38.5,0
3,10.96,0.23,33,0
5,8.72,0,25.5,0
3,6.26,0,20.5,0
3,8.05,0,14.5,0
7,5.37,0.05,20,0
1,9.17,0,15,0
2,8.05,0,19.5,0
3,3.13,0,23,0
1,6.49,0,11.5,0
1,6.71,0,37,0
3,3.13,0,47,0
4,6.93,0.54,52.5,0
10,9.62,0.05,38.5,0
5,8.05,0,20,0
2,4.03,0,30.5,0
5,6.04,0.19,29,0
2,7.83,0,25,0
4,5.37,0,32.5,0
41,8.5,0,45,0
55,2.91,0,46,0
2,5.37,0.01,43.5,0
1,6.26,0.3,49,0
4,9.4,0,35.5,0
3,6.71,0,28.5,0
6,3.8,0,32,0
23,6.49,0,45.5,0
1,3.8,0.21,50.5,0
1,9.17,0,41,0
4,7.61,0.11,30,0
2,6.71,0,25.5,0
1,3.8,0.05,38.5,0
2,9.17,0.18,29,0
2,7.61,0,23.5,0
8,4.03,0.96,38,0
4,7.61,0,33,0
4,4.03,0,31.5,0
4,6.71,0,29,0
3,4.92,0,32.5,0
9,2.24,0.58,44.5,0
3,3.13,1.21,53.5,0
4,5.59,0,32,0
10,5.37,0.08,44,0
6,5.14,0.16,54,0
7,6.93,0.09,47,0
12,4.47,0.52,34,0
21,5.82,0.01,38.5,0
8,4.25,0.04,42.5,0
17,6.04,0,57,0
27,5.82,0.06,66.5,0
1,8.28,0.17,48,0
3,6.26,0.06,39,0
12,5.37,0.08,48.5,0
4,6.26,0.73,42,0
3,4.47,0,47.5,0
7,4.47,0,47.5,0
7,5.14,0,51.5,0
17,5.14,0.38,52,0
14,11.18,0,42.5,0
9,9.62,0,39,0
8,7.16,0,38,0
2,4.7,0,39.5,0
1,10.07,1.41,36,0
6,6.04,0,36,0
4,7.83,0,36,0
22,8.5,0,35.5,0
26,5.37,0,38.5,0
10,8.5,0.08,37.5,0
3,8.5,0.28,36.5,0
13,10.96,0.01,36,0
5,10.07,0,40,0
13,9.84,0,35,0
22,7.61,0,37.5,0
19,6.26,0,35.5,0
4,5.82,0,40,0
8,8.95,0,34.5,0
3,6.71,0.06,41,0
4,5.59,0,42,0
83,6.04,0,43,0
19,8.28,0,39,0
12,5.82,0,42,0
4,3.36,0.01,40.5,0
4,4.03,0.03,45,0
7,2.91,0.03,51,0
20,4.03,0.03,53,0
74,6.49,0,48.5,0
71,6.71,0,51.5,0
10,5.82,0.59,38,0
3,4.7,0.26,41,0
16,8.5,0.04,48,0
14,8.72,0,39.5,0
8,4.92,0.11,49.5,0
34,7.38,0,43,0
25,8.5,0,39,0
5,5.37,0,40.5,0
20,4.92,0.01,44.5,0
12,3.8,0,44,0
11,5.59,0,54.5,0
72,5.59,0,71,0
311,7.38,0,60.5,0
13,12.3,0.47,41,0
3,11.41,2.82,49.5,0
9,8.5,0,43,0
15,6.49,0,46,0
6,7.61,0.15,43.5,0
12,8.5,0,43.5,0
282,5.82,0,51,0
303,4.25,0,55.5,0
64,4.47,0,57,0
26,4.25,0.05,56,0
10,3.8,0.95,56,0
59,4.92,0.1,62.5,0
27,2.46,0.05,55,0
165,3.36,0.1,59,0
113,5.82,0.08,53,0
24,5.14,0,47.5,0
59,4.25,0,64,0
75,5.37,0,77.5,0
63,5.37,0.02,81,0
64,3.58,0,78,0
231,4.92,0,68.5,0
137,3.8,0,61,0
43,2.01,0,65.5,0
62,1.79,0,63.5,0
58,2.24,0,65.5,0
40,2.68,0.25,60,0
66,3.58,0,66.5,0
46,3.58,0.22,57,0
40,2.46,0.1,53,0
41,1.34,0.03,61.5,0
69,2.68,0.58,74.5,0
24,2.46,0.34,60,0
35,1.12,0.22,63.5,0
43,5.82,0,61.5,0
22,4.03,0.65,52.5,0
193,3.8,0,68.5,0
85,2.46,0,68.5,0
30,0.89,0.29,61.5,0
46,2.46,0.29,70,0
76,2.91,0,73,0
93,5.14,0,75.5,0
239,2.01,0,80.5,0
50,8.28,0.44,68,0
236,1.79,0,62.5,0
77,1.12,0,76,0
73,2.24,0,69.5,0
42,2.01,0.1,65.5,0
77,0.89,0.27,73,0
212,3.8,0.08,76.5,0
122,5.82,0.25,58.5,0
95,3.8,0.16,61,0
71,3.8,0,66.5,0
65,2.68,0,64.5,0
60,2.46,0,65.5,0
67,2.91,0,71,0
244,1.79,0,75,0
65,1.12,0.01,65.5,0
73,3.13,0,65.5,0
93,3.36,0,66,0
40,3.58,0.04,70.5,0
73,6.93,0,75.5,0
142,3.13,0,69.5,0
216,2.24,0,74.5,0
198,1.79,0,78.5,0
51,5.59,0.08,82,0
74,3.8,0.07,81.5,0
79,1.57,0.09,76,0
58,2.01,0.59,74,0
74,4.7,0.1,68.5,0
134,4.92,0,64,0
241,2.24,0,75,0
85,4.92,0,74,0
99,3.8,0,69.5,0
75,3.58,0.01,69.5,0
52,2.91,1.36,76.5,0
90,2.68,0,79.5,0
162,2.24,0,82.5,0
141,2.91,0,87.5,0
95,2.01,0,87,0
78,1.12,0.01,84.5,0
316,1.12,0,81.5,0
82,2.91,0,83,0
69,4.03,0.23,74.5,0
244,5.37,0,70,0
232,2.01,0,73,0
63,2.68,0,77,0
75,3.8,0,82.5,0
73,2.68,0,81,0
62,1.34,0.71,74,0
86,2.01,0,76,0
272,3.58,0.36,79,0
155,3.36,0.64,76,0
91,2.24,0,82.5,0
30,2.68,2.24,79,0
94,3.36,0,75.5,0
61,2.24,0,74.5,0
94,2.01,0,75.5,0
183,5.82,0.63,72,0
179,3.36,1.06,74.5,0
57,4.47,0.17,76.5,0
60,5.14,0.02,78.5,0
52,3.8,0.73,74.5,0
77,3.36,0.03,78.5,0
48,2.46,0.25,77,0
247,1.12,0,77.5,0
329,2.01,0,76,0
77,1.34,0.37,73,0
72,1.57,0,75,0
67,2.46,0.1,79,0
95,2.68,0.51,81,0
100,2.24,0.24,79,0
160,2.68,0.74,78,0
264,1.12,0,82,0
60,2.01,0,84.5,0
81,3.8,0.05,82,0
89,1.57,0,83,0
84,2.91,0.61,79.5,0
109,1.34,0,79,0
74,2.01,2.9,75,0
263,2.91,0,78,0
59,3.36,0.66,73,0
63,2.91,0.79,76.5,0
68,4.25,0,78,0
89,2.91,0,82,0
65,2.91,1.04,79.5,0
140,3.8,0.07,78,0
116,4.7,0.02,69.5,0
41,2.68,0,70.5,0
88,3.58,0.11,72.5,0
83,4.03,0.72,76.5,0
71,3.8,0,71,0
111,1.12,0,73.5,0
210,1.79,0,74,0
200,3.36,0,76,0
60,2.46,0,81,0
52,3.8,0,86.5,0
65,4.92,0,86.5,0
65,4.47,0,84,0
66,3.8,0.03,73.5,0
197,2.46,0,73.5,0
365,2.01,0,74.5,0
262,2.68,0,82.5,0
47,2.01,0,84.5,0
75,1.34,0,83,0
83,2.91,0.36,83,0
80,6.26,0,72,0
127,6.26,0.02,66,0
22,6.04,0.45,58.5,0
8,6.93,0.93,59,0
32,1.34,0.02,68,0
34,0.22,0.15,74,0
73,0,0.13,72.5,0
61,0,0,71.5,0
219,0,0,73.5,0
328,0,0,75.5,0
54,0,0.01,73.5,0
37,2.01,1.19,74.5,0
97,3.58,0,74.5,0
89,2.46,0,68.5,0
74,2.01,0,69.5,0
234,5.14,0,68,0
111,3.13,0,63,0
57,7.16,0,63,0
11,3.36,1.95,66,0
88,1.79,0.21,75.5,0
74,4.25,0,66.5,0
42,3.8,0.77,60.5,0
285,2.46,0,65,0
258,2.46,0,62,0
57,2.01,0,69.5,0
56,2.01,0.69,71,0
85,2.46,0,68.5,0
62,0.89,0.04,68.5,0
74,3.58,0,65.5,0
101,1.12,0,65.5,0
221,2.46,0,73,0
64,4.03,0,69,0
71,0.67,0,71.5,0
75,2.68,0,75.5,0
32,1.34,0.84,73,0
68,5.82,0.43,59.5,0
211,0,0.1,50.5,0
126,0,0,52.5,0
24,0,0.05,60,0
60,0,0.01,53.5,0
42,0,0,53.5,0
28,0,0,46,0
52,0,0,51.5,0
88,0,0.06,56.5,0
38,0,0,45,0
29,0,0,44.5,0
35,0,0,56,0
34,0,0,49,0
45,0,0,45.5,0
34,0,0,44,0
4,0,1.27,47.5,0
80,0,0.07,48.5,0
26,0,0.03,51.5,0
32,0,0,48.5,0
50,0,0,54,0
227,7.61,0,66,1
481,6.93,0,66.5,1
578,2.91,0,69.5,1
569,4.25,0,71,1
576,6.26,0,69.5,1
618,6.04,0,66.5,1
520,4.92,0,63.5,1
602,3.36,0,71.5,1
611,2.68,0.11,77.5,1
510,8.28,1.26,69,1
463,8.72,0.09,60,1
162,12.53,1.08,52.5,1
237,11.41,0.35,52,1
498,10.74,0,58,1
634,6.26,0,59.5,1
733,1.57,0,62.5,1
696,2.91,0,65.5,1
678,3.36,0,65.5,1
493,4.03,0.89,69.5,1
550,2.46,0,57.5,1
470,3.8,0,61,1
613,3.8,0,66.5,1
677,3.58,0.01,66.5,1
679,3.8,0,63,1
694,4.03,0,57.5,1
635,5.37,0,58.5,1
420,5.82,0,49,1
333,4.92,0,44,1
553,3.8,0,44,1
645,6.04,0,59,1
696,2.24,0,66.5,1
632,4.7,0,66.5,1
614,6.71,0,55,1
440,4.03,0,48.5,1
414,4.92,0.05,58,1
642,3.8,0,52,1
614,4.47,0,52,1
346,6.71,1.4,61,1
661,6.49,0.04,65,1
618,5.82,0,54.5,1
427,2.91,0,49,1
403,4.92,0,59.5,1
654,2.01,0,58.5,1
657,2.46,0,60,1
650,2.46,0,63,1
623,2.01,0.01,63.5,1
662,4.7,0,70,1
423,4.47,0,62.5,1
406,3.58,0,51,1
537,2.01,0,51,1
345,9.84,0.26,54,1
524,4.92,0.43,53.5,1
541,5.59,0.01,56,1
530,10.74,0,52,1
342,7.83,0,45.5,1
345,4.7,0,48.5,1
663,4.03,0,59,1
560,6.26,0,46,1
589,5.14,0,52,1
359,5.59,1.25,60.5,1
595,5.82,0,55,1
347,6.49,0,47.5,1
321,6.26,0.03,48.5,1
471,5.82,0,38.5,1
471,3.8,0,39,1
448,2.68,0,43,1
170,2.91,0,50.5,1
314,3.8,0,57.5,1
233,0,0.02,54.5,1
223,0,0,43.5,1
472,5.59,0,40,1
292,6.71,0.33,47.5,1
325,2.91,0.14,51.5,1
474,8.5,0,49.5,1
494,4.25,0,46.5,1
330,2.24,0,45.5,1
285,3.36,0,46,1
495,3.8,0,48,1
474,4.47,0,45,1
485,4.25,0,47.5,1
514,4.25,0,55.5,1
481,4.7,0,55.5,1
338,2.01,0,60.5,1
336,3.36,0,61,1
470,4.7,0.33,60,1
541,10.51,0.09,60.5,1
515,5.37,0.04,49.5,1
353,4.92,1.21,54.5,1
462,6.71,0,47.5,1
249,9.4,0,37.5,1
229,6.04,0,38.5,1
449,7.16,0,47.5,1
377,4.92,0.19,57.5,1
249,3.58,1.55,58,1
257,4.47,0.01,67.5,1
131,0.89,0.01,61.5,1
183,8.05,0,53,1
182,5.82,0.12,53.5,1
262,8.28,0.03,40,1
208,6.93,0.45,40,1
361,4.03,0.19,43,1
317,5.37,0.03,45,1
149,7.61,0,38,1
175,6.71,0,36,1
209,7.83,0,40,1
274,8.5,0,25,1
266,5.14,0,20,1
344,3.58,0,33,1
436,2.46,0,38.5,1
418,4.25,0,38.5,1
268,8.05,0,43.5,1
194,9.84,1.8,49.5,1
332,10.51,0,33,1
366,6.04,0,34.5,1
322,9.84,0,26,1
340,4.92,0,30,1
400,5.14,0,42.5,1
258,6.71,0.24,47,1
159,5.59,0.05,36,1
152,11.86,0,24.5,1
268,10.96,0,22,1
366,5.59,0,32,1
344,6.04,0,31,1
292,6.49,0.01,25.5,1
93,6.71,0,40.5,1
203,4.47,0,37,1
224,7.83,0,35.5,1
141,6.93,0,33.5,1
184,5.14,0,46,1
346,5.82,0.01,51.5,1
403,3.58,0,44,1
261,6.49,0.73,50.5,1
370,5.82,0,51.5,1
176,8.28,0.53,37.5,1
214,5.59,0,35,1
215,5.37,0,40,1
296,10.51,0.05,33.5,1
294,4.03,0,31.5,1
301,5.82,0.01,35,1
264,10.07,0,24.5,1
238,6.71,0,21,1
61,12.3,0,14,1
58,6.26,0,7,1
88,5.37,0.44,24,1
222,7.83,1.01,44.5,1
346,7.38,0,37,1
334,7.16,0,31.5,1
329,5.37,0,31.5,1
315,7.38,0,50,1
263,4.92,0.03,49.5,1
410,5.14,0,45,1
295,14.54,0.3,37.5,1
170,10.51,1.22,48,1
366,8.95,0.02,49,1
342,8.72,0,33,1
223,6.04,0,33.5,1
328,7.38,0,49,1
392,8.5,0.05,54,1
430,7.61,0,45.5,1
355,10.51,0.14,42,1
357,5.82,0,31,1
237,8.72,0.11,34.5,1
240,4.25,0,34.5,1
218,3.36,0,38,1
422,7.83,0,48,1
492,3.36,0,57,1
557,2.24,0,60.5,1
570,4.92,0,71,1
493,6.04,0.06,58,1
367,5.14,0,49.5,1
319,3.58,0,56,1
208,14.09,0.29,45.5,1
497,5.37,0,50.5,1
516,3.58,0.02,56.5,1
541,4.92,0,54,1
500,8.72,0,49.5,1
316,5.14,0,41,1
237,9.62,0.07,37.5,1
406,8.05,0.06,41,1
483,6.93,0,45.5,1
550,6.04,0,59.5,1
528,9.17,0,49.5,1
432,3.8,0.04,58,1
320,6.49,0,46.5,1
240,5.59,0,49,1
296,10.07,0.38,52,1
424,11.63,0,46.5,1
501,5.37,0,46.5,1
557,6.71,0,61,1
494,6.71,0.02,70,1
280,4.92,0.16,55,1
188,12.75,0.09,42,1
252,7.16,0.47,37,1
413,8.28,0,34.5,1
456,6.04,0,39,1
468,6.93,0.09,53,1
451,7.16,0.01,45,1
193,6.49,0.11,39.5,1
243,4.92,0,40.5,1
496,6.93,0.01,54,1
427,5.82,0.2,52,1
585,4.47,0,49,1
584,6.49,0,52.5,1
573,3.8,0,53.5,1
418,4.92,0,55.5,1
418,2.91,0,59.5,1
645,3.8,0,66.5,1
662,7.61,0,64,1
637,6.04,0,59,1
682,5.59,0,61,1
668,4.25,0,70.5,1
398,7.16,0.16,62.5,1
428,5.82,0,57.5,1
663,4.03,0,59.5,1
600,7.16,0.24,53.5,1
650,4.25,0,54,1
607,4.7,0,53.5,1
532,5.82,0.05,51.5,1
451,5.82,0,55.5,1
176,4.92,0.16,48,1
582,2.24,0.04,52.5,1
419,6.04,0.61,53.5,1
563,8.72,0.01,50,1
617,8.28,0,51.5,1
331,7.83,0.54,51,1
391,4.47,0,54,1
357,4.7,0.16,57.5,1
704,5.14,0,62,1
666,4.92,0,56.5,1
713,2.46,0,63,1
779,3.36,0,68,1
526,0,0.25,61,1
540,0,0,64.5,1
357,0,0,52.5,1
675,0,0,54.5,1
684,3.8,0,58,1
665,0,0,60,1
750,1.34,0,63.5,1
680,4.47,0,64.5,1
358,3.8,0.04,60,1
452,3.58,0.09,61,1
755,2.46,0.02,67,1
656,2.01,0.18,65.5,1
820,4.25,0,74.5,1
775,3.58,0,79.5,1
703,3.8,0,80,1
452,4.47,0,81.5,1
398,4.92,0,78.5,1
422,3.13,1.65,75,1
788,3.13,0,78,1
807,6.04,0,74.5,1
797,4.7,0,70,1
588,1.34,0.04,66.5,1
466,2.46,0.4,74.5,1
370,3.36,0.91,68,1
765,5.59,0,74,1
824,5.14,0,74.5,1
681,7.61,0.45,59.5,1
776,8.95,0,62.5,1
791,5.37,0,67,1
511,3.36,0,73.5,1
508,8.05,0,72.5,1
780,7.38,0,65.5,1
813,4.25,0,68.5,1
831,2.46,0,73.5,1
760,1.79,0.22,69.5,1
829,4.7,0,70.5,1
524,2.68,0,74,1
573,2.91,0,77,1
859,3.13,0,74,1
853,4.92,0,79.5,1
916,4.03,0,77,1
893,2.01,0,76,1
889,6.26,0,75.5,1
637,3.58,0,75,1
554,2.46,0,77,1
788,4.92,0.45,75,1
811,3.58,0.12,72,1
865,2.24,0.01,75,1
824,2.91,0,76,1
682,3.36,0.83,72.5,1
481,5.37,0,69.5,1
452,3.13,0,71,1
501,3.13,0.49,75,1
781,2.91,0.66,77.5,1
836,2.46,0,83,1
829,2.01,0.04,83,1
756,5.37,0.08,76.5,1
526,4.03,0.53,68.5,1
600,4.25,0,73,1
789,3.36,0,73,1
923,4.25,0,75,1
899,4.7,0,78,1
863,2.91,0.62,80.5,1
781,4.47,0,83.5,1
541,4.25,0,82.5,1
578,2.68,0,82,1
738,5.82,0.35,82.5,1
833,4.92,0,78,1
899,3.13,0,76.5,1
899,5.14,0,80.5,1
851,6.49,0,84,1
607,4.92,0,88,1
611,4.03,0,84.5,1
653,3.36,1,83,1
955,4.25,0,80.5,1
952,2.01,0,82.5,1
872,3.13,0,85,1
709,4.25,1.09,77,1
515,3.58,0.25,78.5,1
566,4.25,1.08,74.5,1
956,4.92,0,74.5,1
1056,6.93,0,73.5,1
1151,2.91,0,73,1
1180,2.01,0,74,1
1131,3.8,0,76,1
733,5.14,0.05,79.5,1
728,4.03,0,78,1
1103,1.34,0,78.5,1
1203,2.68,0,79,1
1100,4.03,0.09,80.5,1
1035,4.47,0.15,82.5,1
1021,5.14,0.32,83,1
633,4.03,0,88.5,1
667,3.8,0.06,86,1
1164,2.91,0,84.5,1
1036,4.03,0.11,82.5,1
1188,5.37,0.01,81,1
1146,1.57,0.03,78.5,1
1053,2.24,0.01,81,1
741,4.7,0.82,76.5,1
529,4.25,0.31,79.5,1
1110,5.82,0,72,1
1094,1.79,0,71.5,1
1135,0,0,78,1
1146,0,0.01,77.5,1
1198,0,0,82.5,1
861,2.68,0,81,1
844,2.46,0,80.5,1
1109,5.37,0,82.5,1
1190,3.13,0,77.5,1
1145,3.36,0,81.5,1
885,1.79,0.5,74,1
1130,6.04,0,73.5,1
653,6.71,0,70.5,1
656,6.71,0,72.5,1
705,7.61,0,74.5,1
1188,9.62,0,75.5,1
1253,6.49,0,78,1
1235,2.68,0,80,1
1198,3.8,0.22,83,1
854,4.03,0,82,1
769,5.82,0,75,1
1221,4.25,0,70,1
1353,4.03,0,73.5,1
1210,4.92,0.56,79,1
1306,4.92,0,67.5,1
1286,2.68,0,67,1
853,3.36,0,68,1
825,3.58,0,76,1
696,2.46,0.68,72.5,1
1264,2.24,0,75,1
1230,3.8,0,76,1
1317,2.46,0,75.5,1
1280,1.79,0.01,75.5,1
861,5.14,0.2,64.5,1
873,2.91,0,62,1
1238,4.47,0,64,1
1228,3.13,0.22,69,1
1204,8.05,0,62.5,1
1123,11.18,0,60.5,1
474,9.62,0.4,57.5,1
695,7.61,0,59,1
709,2.68,0,60,1
1112,2.24,0,66,1
1215,7.61,0,64.5,1
1246,4.7,0,60,1
1164,2.01,0,64,1
1145,2.46,0,66,1
586,2.01,0.23,63,1
368,7.38,0.55,58,1
984,4.7,0,55.5,1
1103,3.58,0,54.5,1
1250,1.12,0,59.5,1
1153,2.91,0,60,1
1123,4.7,0,54.5,1
844,3.13,0,55,1
710,4.03,0,61,1
1188,2.68,0,72,1
1207,4.03,0,74,1
1192,4.47,0,75,1
1185,6.26,0,66,1
783,2.24,1.11,63,1
425,10.51,0.29,52,1
598,8.5,0,53,1
1092,6.04,0,54.5,1
1003,6.49,0,47.5,1
951,4.03,0,44.5,1
500,5.14,1.41,47.5,1
863,8.28,0,46.5,1
587,4.25,0,51.5,1
522,3.8,0.56,65,1
982,4.92,0,49,1
999,3.13,0,49,1
1079,3.13,0,62,1
966,5.14,0,64.5,1
978,4.7,0,54,1
705,3.13,0,53,1
630,7.61,0,52,1
889,5.37,0,47,1
972,2.46,0,53.5,1
716,3.58,0.06,54,1
916,5.82,0,48,1
800,8.28,0,52,1
548,5.37,0,43.5,1
582,5.37,0,51,1
942,3.58,0,54,1
410,5.59,1.81,51.5,1
971,4.03,0,53,1
978,4.25,0,55,1
904,2.46,0,54,1
699,4.92,0.25,50,1
327,10.29,0.31,38,1
676,13.2,0,38.5,1
731,9.62,0,39,1
728,4.92,0,40,1
246,4.47,0.03,43,1
411,2.01,0.02,49.5,1
395,4.47,0,45,1
403,4.7,0,44.5,1
705,3.36,0,45,1
359,4.92,2.2,55.5,1
527,6.26,0.73,54,1
772,7.61,0.07,48,1
746,8.72,0,45.5,1
448,8.72,0,44,1
415,4.92,0,43,1
635,5.59,0.19,43.5,1
605,5.37,0.35,41.5,1
699,3.8,0.09,43,1
693,0,0,40,1
666,0,0,34,1
359,6.04,0,31.5,1
298,4.03,0.03,31.5,1
540,6.26,0.5,40,1
724,4.03,0,39,1
692,5.59,0,38,1
520,10.96,0,26.5,1
518,6.04,0,22,1
114,4.25,0.73,31.5,1
253,7.38,0.04,44.5,1
478,6.71,0,27,1
546,3.13,0,26.5,1
561,2.91,0,35,1
599,6.26,0,43,1
484,6.49,0,42.5,1
168,4.92,0.47,42.5,1
173,6.26,0,43,1
211,6.49,0.02,41.5,1
567,7.16,0,50,1
468,5.14,0,37,1
266,5.37,0.39,39.5,1
376,9.4,0.01,36.5,1
275,6.93,0,37.5,1
270,5.59,0,44,1
144,9.17,0.21,39,1
343,10.74,0.58,41,1
626,8.05,0,43,1
548,7.83,0,30.5,1
424,4.7,0.05,29,1
72,7.61,0.32,23,1
105,8.72,0,20.5,1
318,5.14,0,18.5,1
403,4.7,0,33.5,1
566,5.82,0.52,47,1
652,7.61,0.05,56.5,1
598,7.16,0,47,1
231,4.25,0.12,31,1
283,4.25,0,34,1
427,4.7,0,36.5,1
393,4.92,0.35,40,1
550,5.82,0.06,39.5,1
597,3.58,0,44,1
518,4.03,0.1,42.5,1
403,3.8,0,45,1
355,6.71,0.05,45.5,1
270,18.34,1.16,40,1
260,10.07,1.18,36.5,1
630,6.71,0,43.5,1
573,6.71,0.02,49.5,1
576,8.95,0,39.5,1
323,7.83,0,36.5,1
336,5.82,0,39,1
550,6.26,0,33.5,1
483,4.03,0.06,30,1
564,5.82,0,40,1
577,5.37,0,38.5,1
559,6.71,0,29.5,1
377,8.5,0,28,1
319,7.16,0,37,1
604,5.14,0,42.5,1
477,6.71,0.27,39,1
685,4.7,0.03,50,1
52,8.5,0,25.5,1
210,4.03,0,39,1
75,7.16,0.46,35,1
323,12.3,0.02,35,1
552,5.37,0,34.5,1
512,6.49,0,41,1
550,10.51,0,31.5,1
492,8.5,0,33.5,1
422,5.82,0,49,1
503,5.59,0,59,1
515,7.38,0,47,1
627,5.82,0,40.5,1
673,2.91,0,49.5,1
708,3.58,0,54.5,1
734,6.04,0,64,1
589,6.71,0.54,53.5,1
385,8.95,0,40,1
670,5.59,0,44.5,1
750,4.03,0,53,1
754,6.04,0.12,62,1
653,11.41,0,49.5,1
594,8.28,0,31.5,1
259,8.95,0,23.5,1
289,5.37,0,25.5,1
609,3.36,0,35.5,1
544,4.25,0.1,49,1
717,7.61,0.02,53,1
697,8.72,0,54,1
319,7.61,0.31,35,1
260,9.62,0,23,1
245,8.95,0,24,1
466,4.47,0,28,1
1,6.49,0,38,1
31,8.72,0.08,36.5,1
103,8.28,0,40.5,1
337,5.14,0,42.5,1
615,4.03,0,50.5,1
469,11.41,0,37,1
533,4.92,0,32.5,1
575,6.26,0,46.5,1
413,6.71,0.01,52,1
297,8.28,0.14,39.5,1
424,4.25,0.26,45,1
368,5.82,0.72,43.5,1
620,7.83,0,51,1
621,5.82,0.01,45,1
162,10.29,1.51,40,1
349,7.61,0,42.5,1
520,5.37,0,51.5,1
605,4.92,0.03,55.5,1
504,6.93,1.18,48,1
703,3.36,0,55,1
327,9.17,0.73,46.5,1
601,10.51,0,45.5,1
504,8.28,0,48.5,1
571,4.92,0,56,1
774,6.04,0,63.5,1
845,5.59,0,70.5,1
798,2.91,0.02,67,1
766,5.14,0,56.5,1
735,3.8,0,57,1
514,5.59,0,58,1
610,7.38,0,73,1
817,6.71,0,66,1
790,6.93,0,56,1
762,5.59,0,49.5,1
678,4.03,0.17,58,1
633,7.38,0.29,50.5,1
460,3.58,0.11,53,1
568,4.92,0,56,1
766,3.58,0,54,1
389,13.2,0.91,51.5,1
661,4.92,0.34,56.5,1
805,2.91,0,63.5,1
942,3.13,0,71.5,1
776,5.14,0.06,74.5,1
584,6.71,0,59.5,1
1005,5.14,0,61.5,1
895,7.83,0,68.5,1
938,8.28,0,58,1
921,5.37,0,55.5,1
486,6.49,3.02,55,1
674,6.04,0.18,59.5,1
447,5.59,0.01,51.5,1
872,5.82,0,50.5,1
997,4.47,0,55,1
928,3.36,0,56,1
982,3.58,0,56.5,1
932,4.03,0,56.5,1
90,7.61,1.61,49,1
556,5.37,0.02,56.5,1
957,8.95,0,60.5,1
1106,4.25,0,67.5,1
1005,5.59,0,77.5,1
931,5.59,0,83.5,1
928,6.26,0,78.5,1
692,4.03,0.01,60,1
724,4.03,0,60.5,1
463,2.68,0.59,57,1
1053,2.24,0,62.5,1
1005,4.92,0.04,62.5,1
410,8.05,0.58,57.5,1
912,4.92,0.1,64.5,1
579,3.13,0,65,1
557,4.47,0,64.5,1
388,5.14,0.13,58.5,1
903,2.68,0.06,57.5,1
989,2.46,0.03,66.5,1
1198,3.8,0,69,1
1129,4.47,0.01,66.5,1
778,3.58,0.01,64,1
634,2.24,0.09,63,1
979,4.92,0.02,62.5,1
822,7.16,0.06,55,1
1110,3.36,0,59,1
1120,3.8,0,62,1
1122,4.7,0,66.5,1
800,3.58,0,75.5,1
714,5.14,0,81,1
1110,3.8,0,84.5,1
1110,3.13,0,85.5,1
1016,4.7,0.29,76.5,1
1181,4.25,0,70,1
1005,5.14,0,65.5,1
561,2.24,1.39,70,1
721,3.58,0,77.5,1
777,3.8,1.35,79,1
1192,5.14,0.03,77,1
1161,4.7,0,77,1
1244,2.24,0,75.5,1
1092,4.92,0.04,79.5,1
733,5.37,1.29,77.5,1
791,2.46,0,75.5,1
1190,3.13,0,71.5,1
1210,3.58,0.18,68.5,1
1244,4.92,0,69.5,1
1240,5.37,0,75,1
1098,5.82,0,80.5,1
562,4.03,0.23,78,1
585,4.92,0,79.5,1
846,1.79,0.45,79.5,1
756,2.68,0,77.5,1
1129,4.92,0,77.5,1
1229,3.58,0,74,1
858,5.37,1.78,74,1
830,3.36,0,76.5,1
780,3.58,0,74,1
1175,3.36,0,76,1
1242,3.13,0,80,1
1176,5.14,0,82.5,1
1121,4.92,0,81.5,1
708,4.7,0.35,69,1
834,3.36,0,76,1
854,2.68,0,77.5,1
1207,2.68,0,79,1
1263,2.91,0,80.5,1
1219,3.13,0,84.5,1
1206,2.91,0.01,85.5,1
1170,3.8,0,84,1
744,2.46,0.57,81.5,1
719,2.68,0.06,75,1
892,6.71,0.74,68,1
1256,5.14,0,66.5,1
1294,3.8,0,71,1
1264,2.46,0,71.5,1
1145,2.91,0,78,1
810,9.4,0,72,1
807,4.25,0,73,1
1264,2.01,0,77,1
1275,2.68,0,81.5,1
1081,1.57,0.09,77.5,1
1260,1.79,0,77.5,1
1135,4.25,0.15,76.5,1
733,4.47,0.3,73.5,1
798,3.8,0,70,1
527,2.46,0.76,67.5,1
1225,2.91,0,71.5,1
1252,1.34,0,74.5,1
1312,2.24,0,75.5,1
1231,2.68,0,75.5,1
870,3.36,0.11,70.5,1
795,3.8,0,77,1
1183,2.24,0,75,1
1093,1.12,0.45,71,1
1330,2.24,0,78.5,1
1344,3.13,0,76,1
747,3.36,0.88,77.5,1
833,2.91,0,79.5,1
845,4.47,0,75,1
1174,3.36,0,79,1
1189,5.14,0.3,80.5,1
1290,4.03,0,75.5,1
1242,3.13,0,72.5,1
1214,2.46,0,70.5,1
819,3.8,0,70,1
831,4.47,0,70.5,1
1146,6.26,0,69.5,1
751,8.05,0.29,64.5,1
1261,5.14,0.01,69,1
1216,3.8,0,72.5,1
1070,4.92,0,63,1
570,5.59,0.53,61,1
493,5.59,0.74,64,1
680,4.7,0,70.5,1
1143,3.13,0,77,1
869,3.8,0.42,66.5,1
1226,4.92,0.01,65,1
1238,3.8,0,64.5,1
843,4.03,0,62.5,1
790,5.82,0,64.5,1
1254,2.01,0,65.5,1
1297,1.34,0,68.5,1
1208,2.46,0.06,73.5,1
1264,2.24,0.02,75.5,1
1283,1.57,0,74,1
864,2.91,0,76,1
837,2.68,0,74.5,1
1205,6.93,0,70.5,1
1092,9.84,0.22,73.5,1
1295,6.26,0,75,1
1311,5.59,0,75.5,1
1252,7.16,0,74,1
912,4.7,0,77.5,1
830,1.57,0,80,1
1172,2.91,0,79,1
807,2.01,0,76,1
1056,3.8,0,78,1
1163,5.82,0,69,1
1160,2.46,0,61.5,1
802,6.26,0,60,1
801,2.91,0,59,1
1307,2.46,0,62.5,1
1393,3.13,0,64,1
1387,4.92,0,65.5,1
1335,4.92,0,74,1
1256,2.46,0,75,1
924,4.03,0,73.5,1
618,4.92,0.22,74.5,1
818,4.92,0.26,74,1
1417,2.91,0,73.5,1
1257,5.82,0.06,68.5,1
1203,8.72,0.07,59.5,1
1269,6.04,0,59.5,1
809,2.46,0.08,66.5,1
764,4.25,0,69.5,1
1213,6.71,0.01,57.5,1
1200,4.03,0,50,1
1290,3.8,0,61,1
1239,4.47,0,63.5,1
1295,4.03,0,65,1
864,2.24,0,67,1
841,1.57,0,66.5,1
1215,3.58,0,67.5,1
926,5.59,0.2,70.5,1
1218,2.01,0,62,1
1076,6.04,0,54,1
1103,3.8,0,54.5,1
832,4.92,0,62,1
172,6.71,3.03,63.5,1
933,8.72,0.25,53.5,1
1107,5.82,0,51,1
1105,2.46,0,51,1
1252,2.46,0,65,1
1123,5.59,0,62.5,1
741,5.82,0,51,1
545,4.25,0.02,56,1
1027,4.92,0.01,56,1
650,6.49,0.7,44.5,1
1034,5.37,0,44,1
1007,3.36,0,47,1
758,9.4,0.01,38,1
434,4.7,0,31,1
455,1.79,0,39,1
745,3.58,0.07,43,1
928,4.92,0,41.5,1
963,5.14,0,44,1
890,6.49,0.2,50,1
845,7.83,0,42,1
445,3.36,0.1,45,1
429,9.62,0.23,48.5,1
834,6.71,0,41.5,1
924,5.14,0,50,1
675,6.71,0.21,45.5,1
263,4.7,0,37,1
407,3.8,0,42.5,1
406,4.03,0,50,1
473,6.71,0,45.5,1
891,6.49,0,45,1
896,4.47,0,45,1
936,5.37,0,52.5,1
942,4.47,0.03,45.5,1
981,5.37,0,47,1
576,3.13,0,43.5,1
525,2.01,0,45,1
887,3.58,0,45.5,1
696,6.71,0.75,55.5,1
829,7.61,0,49.5,1
855,6.71,0,40.5,1
725,4.92,0,36.5,1
158,4.25,0.46,32.5,1
261,6.49,0,34,1
774,5.37,0,37,1
794,7.38,0,39.5,1
553,10.74,0,25.5,1
482,5.82,0.09,27,1
423,3.8,0.11,24,1
287,6.71,0,31,1
314,2.91,0,35,1
708,4.92,0.02,40.5,1
803,7.61,0,50,1
687,7.38,0,42.5,1
695,4.03,0,35.5,1
593,4.03,0,42.5,1
204,4.92,0.49,43,1
253,7.83,0.01,38.5,1
102,10.96,0.23,33,1
320,8.72,0,25.5,1
372,6.26,0,20.5,1
286,8.05,0,14.5,1
270,6.71,0,16.5,1
123,5.37,0.05,20,1
137,9.17,0,15,1
101,7.83,0,13,1
392,8.05,0,19.5,1
466,3.13,0,23,1
52,12.53,0.76,24,1
121,12.97,0,14,1
75,10.96,0,9.5,1
89,6.49,0,11.5,1
323,5.82,0.01,24,1
413,6.71,0,37,1
509,4.25,0,36.5,1
581,3.13,0,47,1
373,6.93,0.54,52.5,1
292,9.62,0.05,38.5,1
186,8.05,0,20,1
297,8.05,0,23,1
523,4.03,0,30.5,1
397,6.04,0.19,29,1
468,7.83,0,25,1
538,5.37,0,32.5,1
465,8.5,0,45,1
402,2.91,0,46,1
664,5.37,0.01,43.5,1
523,6.26,0.3,49,1
611,9.4,0,35.5,1
582,6.71,0,28.5,1
582,3.8,0,32,1
484,6.49,0,45.5,1
286,3.8,0.21,50.5,1
693,9.17,0,41,1
481,7.61,0.11,30,1
523,6.71,0,25.5,1
610,3.8,0.05,38.5,1
492,9.17,0.18,29,1
299,7.61,0,23.5,1
267,4.03,0.96,38,1
555,7.61,0,33,1
637,4.03,0,31.5,1
314,6.71,0.85,37.5,1
587,6.71,0,29,1
578,4.92,0,32.5,1
255,2.24,0.58,44.5,1
148,3.13,1.21,53.5,1
689,7.16,0,47,1
634,5.59,0,32,1
699,5.37,0.08,44,1
697,5.14,0.16,54,1
516,6.93,0.09,47,1
319,4.47,0.52,34,1
325,5.82,0.01,38.5,1
380,4.25,0.04,42.5,1
762,6.04,0,57,1
856,5.82,0.06,66.5,1
527,8.28,0.17,48,1
535,6.26,0.06,39,1
412,5.37,0.08,48.5,1
265,6.26,0.73,42,1
831,4.47,0,47.5,1
855,4.47,0,47.5,1
871,5.14,0,51.5,1
792,5.14,0.38,52,1
132,10.51,1.86,39,1
407,11.18,0,42.5,1
375,9.62,0,39,1
782,7.16,0,38,1
730,4.7,0,39.5,1
146,10.07,1.41,36,1
300,6.04,0,36,1
521,7.83,0,36,1
393,8.5,0,35.5,1
360,5.37,0,38.5,1
718,8.5,0.08,37.5,1
498,8.5,0.28,36.5,1
731,10.96,0.01,36,1
691,10.07,0,40,1
639,9.84,0,35,1
417,7.61,0,37.5,1
363,6.26,0,35.5,1
736,5.82,0,40,1
733,8.95,0,34.5,1
92,10.74,0.99,35,1
126,6.71,0.06,41,1
689,5.59,0,42,1
535,6.04,0,43,1
407,8.28,0,39,1
810,5.82,0,42,1
766,3.36,0.01,40.5,1
797,4.03,0.03,45,1
825,2.91,0.03,51,1
600,4.03,0.03,53,1
562,6.49,0,48.5,1
424,6.71,0,51.5,1
387,5.82,0.59,38,1
560,4.7,0.26,41,1
685,8.5,0.04,48,1
761,8.72,0,39.5,1
625,4.92,0.11,49.5,1
539,7.38,0,43,1
464,8.5,0,39,1
801,5.37,0,40.5,1
855,4.92,0.01,44.5,1
876,3.8,0,44,1
955,5.59,0,54.5,1
989,5.59,0,71,1
833,7.38,0,60.5,1
335,12.3,0.47,41,1
467,11.41,2.82,49.5,1
849,8.5,0,43,1
926,6.49,0,46,1
756,7.61,0.15,43.5,1
808,8.5,0,43.5,1
691,5.82,0,51,1
685,4.25,0,55.5,1
1073,4.47,0,57,1
1078,4.25,0.05,56,1
628,3.8,0.95,56,1
1059,4.92,0.1,62.5,1
748,2.46,0.05,55,1
641,3.36,0.1,59,1
610,5.82,0.08,53,1
783,5.14,0,47.5,1
1165,4.25,0,64,1
1200,5.37,0,77.5,1
1181,5.37,0.02,81,1
1186,3.58,0,78,1
882,4.92,0,68.5,1
694,3.8,0,61,1
1289,2.01,0,65.5,1
1322,1.79,0,63.5,1
1327,2.24,0,65.5,1
1192,2.68,0.25,60,1
1285,3.58,0,66.5,1
546,3.58,0.22,57,1
381,2.46,0.1,53,1
1228,1.34,0.03,61.5,1
970,2.68,0.58,74.5,1
768,2.46,0.34,60,1
906,1.12,0.22,63.5,1
1158,5.82,0,61.5,1
348,4.03,0.65,52.5,1
834,3.8,0,68.5,1
1311,2.46,0,68.5,1
1020,0.89,0.29,61.5,1
1343,2.46,0.29,70,1
1405,2.91,0,73,1
1315,5.14,0,75.5,1
736,2.01,0,80.5,1
399,8.28,0.44,68,1
682,1.79,0,62.5,1
1350,1.12,0,76,1
1383,2.24,0,69.5,1
1192,2.01,0.1,65.5,1
1167,0.89,0.27,73,1
949,3.8,0.08,76.5,1
826,5.82,0.25,58.5,1
1176,3.8,0.16,61,1
1496,3.8,0,66.5,1
1500,2.68,0,64.5,1
1512,2.46,0,65.5,1
1402,2.91,0,71,1
984,1.79,0,75,1
638,1.12,0.01,65.5,1
1485,3.13,0,65.5,1
1526,3.36,0,66,1
1417,3.58,0.04,70.5,1
1528,6.93,0,75.5,1
1392,3.13,0,69.5,1
939,2.24,0,74.5,1
801,1.79,0,78.5,1
1309,5.59,0.08,82,1
1485,3.8,0.07,81.5,1
1450,1.57,0.09,76,1
1446,2.01,0.59,74,1
1466,4.7,0.1,68.5,1
870,4.92,0,64,1
857,2.24,0,75,1
1555,4.92,0,74,1
1692,3.8,0,69.5,1
1433,3.58,0.01,69.5,1
1102,2.91,1.36,76.5,1
1463,2.68,0,79.5,1
884,2.24,0,82.5,1
718,2.91,0,87.5,1
1351,2.01,0,87,1
1159,1.12,0.01,84.5,1
874,1.12,0,81.5,1
1265,2.91,0,83,1
1114,4.03,0.23,74.5,1
873,5.37,0,70,1
922,2.01,0,73,1
1594,2.68,0,77,1
1609,3.8,0,82.5,1
1536,2.68,0,81,1
1566,1.34,0.71,74,1
1527,2.01,0,76,1
952,3.58,0.36,79,1
881,3.36,0.64,76,1
1543,2.24,0,82.5,1
1186,2.68,2.24,79,1
1612,3.36,0,75.5,1
1589,2.24,0,74.5,1
1521,2.01,0,75.5,1
939,5.82,0.63,72,1
727,3.36,1.06,74.5,1
1155,4.47,0.17,76.5,1
1573,5.14,0.02,78.5,1
923,3.8,0.73,74.5,1
1537,3.36,0.03,78.5,1
1034,2.46,0.25,77,1
971,1.12,0,77.5,1
969,2.01,0,76,1
1571,1.34,0.37,73,1
1683,1.57,0,75,1
1446,2.46,0.1,79,1
1531,2.68,0.51,81,1
1410,2.24,0.24,79,1
814,2.68,0.74,78,1
909,1.12,0,82,1
1598,2.01,0,84.5,1
1532,3.8,0.05,82,1
1613,1.57,0,83,1
1599,2.91,0.61,79.5,1
1469,1.34,0,79,1
660,2.01,2.9,75,1
966,2.91,0,78,1
1168,3.36,0.66,73,1
1470,2.91,0.79,76.5,1
1599,4.25,0,78,1
1608,2.91,0,82,1
1436,2.91,1.04,79.5,1
826,3.8,0.07,78,1
738,4.7,0.02,69.5,1
1513,2.68,0,70.5,1
1616,3.58,0.11,72.5,1
1591,4.03,0.72,76.5,1
1562,3.8,0,71,1
1457,1.12,0,73.5,1
958,1.79,0,74,1
885,3.36,0,76,1
1521,2.46,0,81,1
1548,3.8,0,86.5,1
1529,4.92,0,86.5,1
1507,4.47,0,84,1
1195,3.8,0.03,73.5,1
718,2.46,0,73.5,1
625,2.01,0,74.5,1
768,2.68,0,82.5,1
1371,2.01,0,84.5,1
1548,1.34,0,83,1
1400,2.91,0.36,83,1
1523,6.26,0,72,1
951,6.26,0.02,66,1
358,6.04,0.45,58.5,1
753,6.93,0.93,59,1
1477,1.34,0.02,68,1
1178,0.22,0.15,74,1
1475,0,0.13,72.5,1
1488,0,0,71.5,1
1052,0,0,73.5,1
1063,0,0,75.5,1
1501,0,0.01,73.5,1
1271,2.01,1.19,74.5,1
1590,3.58,0,74.5,1
1553,2.46,0,68.5,1
1558,2.01,0,69.5,1
1056,5.14,0,68,1
901,3.13,0,63,1
1601,7.16,0,63,1
522,3.36,1.95,66,1
1500,1.79,0.21,75.5,1
1550,4.25,0,66.5,1
1180,3.8,0.77,60.5,1
980,2.46,0,65,1
987,2.46,0,62,1
1451,2.01,0,69.5,1
1646,2.01,0.69,71,1
1632,2.46,0,68.5,1
1535,0.89,0.04,68.5,1
1520,3.58,0,65.5,1
815,1.12,0,65.5,1
903,2.46,0,73,1
1238,4.03,0,69,1
1684,0.67,0,71.5,1
1622,2.68,0,75.5,1
1109,1.34,0.84,73,1
1317,5.82,0.43,59.5,1
731,0,0.1,50.5,1
798,0,0,52.5,1
1265,0,0.05,60,1
1459,0,0.01,53.5,1
1410,0,0,53.5,1
1271,0,0,46,1
1329,0,0,51.5,1
863,0,0.06,56.5,1
638,0,0,45,1
1208,0,0,44.5,1
1479,0,0,56,1
1373,0,0,49,1
1197,0,0,45.5,1
1208,0,0,44,1
202,0,1.27,47.5,1
567,0,0.07,48.5,1
1158,0,0.03,51.5,1
1240,0,0,48.5,1
1266,0,0,54,1